distance_m,elapsed_time_s,speed_kph,throttle_pct,brake_pct,steer_normalized,gear,longitudinal_g,lateral_g
0.0,0.0,196.01993408203128,100.0,0.0,-0.0078740157480314,4.0,0.3885745474628405,-0.0209255204599435
14.919843554197994,0.1236086506726221,197.78826917179555,100.0,0.0,0.0,4.0,0.3983552940420007,-0.0301404041394226
29.83968710839599,0.2458926078523247,199.4660093957439,100.0,0.0,0.0078740157480314,4.0,0.3833052375840555,0.023457268543222
44.75953066259398,0.3671577544042929,201.1578221001923,100.0,0.0,0.0078740157480314,4.0,0.3920839568140236,0.0329187188975546
59.67937421679198,0.487414491977188,202.76666824726104,100.0,0.0,0.0078740157480314,4.0,0.3707851809451956,0.0715534814799994
74.59921777098997,0.6067361712000838,204.3744188941141,100.0,0.0,0.0078740157480314,4.0,0.3782273356428841,0.0462460213586574
89.51906132518796,0.7251196882778256,205.94858226274192,100.0,0.0,0.0293626399770203,4.0,0.3756717783657354,0.0766367564123021
104.43890487938596,0.8427202713354058,206.94580955117132,100.0,0.0,0.049236957476855,5.0,0.215462853717243,0.1165576317184128
119.35874843358395,0.9597735920451116,208.18401476797527,100.0,0.0,0.0629921259842519,5.0,0.2955316377170661,0.1632178814512625
134.27859198778194,1.076075825021647,209.47766037083912,100.0,0.0,0.0629921259842519,5.0,0.3208538807705873,0.1978892996485979
149.19843554197993,1.191644027672105,210.780245846133,100.0,0.0,0.0708661417322834,5.0,0.3205691370125378,0.252367248778478
164.11827909617793,1.306556090543027,212.04907427521505,100.0,0.0,0.0708661417322834,5.0,0.306094450866082,0.3152441277026382
179.03812265037593,1.4207876738957357,213.3061919416362,100.0,0.0,0.0663342046364383,5.0,0.3165856483011631,0.2863741804587905
193.95796620457392,1.534492858600075,214.52814898240447,100.0,0.0,0.0551181102362204,5.0,0.3034011304345505,0.2739220009313682
208.87780975877192,1.6474476144374095,215.7890130478808,100.0,0.0,0.0472440944881889,5.0,0.3137277498116153,0.25588468920116
223.7976533129699,1.7598036412011548,216.9687359201217,100.0,0.0,0.0393700787401574,5.0,0.3087902930875182,0.1916555322910914
238.7174968671679,1.8714609724954387,218.20643748545316,100.0,0.0,0.0387361744112024,5.0,0.3160218003078422,0.2008884924980238
253.6373404213659,1.9825945144446135,219.36447135897023,100.0,0.0,0.0157480314960629,5.0,0.2951093954386062,0.1576209151461497
268.5571839755639,2.0931480365690747,220.55917069867365,100.0,0.0,0.0,5.0,0.3051635917664851,0.0980869470933794
283.47702752976187,2.2030327303405204,221.7411375686089,100.0,0.0,-0.0157480314960629,5.0,0.3077039749113436,-0.0130967020427739
298.39687108395987,2.3124199012451774,222.8707676125386,100.0,0.2308653264856677,-0.0509587909948513,5.0,0.2930757812749215,-0.0768389649793135
313.31671463815786,2.421275343351291,223.79082190615924,100.0,3.92156862745098,-0.1259842519685039,5.0,0.2299930786432382,-0.2000043921807546
328.23655819235586,2.529879789468124,223.65521788324872,2.4485754278380263,9.358726036293264,-0.1908910834254479,5.0,-0.0223142969256087,-0.4778756393646331
343.15640174655385,2.6388275193438275,222.33167029805205,0.0,8.33829006024206,-0.2216620063994404,5.0,-0.3081384236640093,-0.5698302921692784
358.07624530075185,2.748362001598995,220.6019817156999,0.0,19.607843137254903,-0.2362204724409448,5.0,-0.466442631942218,-1.0094124820371415
372.99608885494985,2.859525700019616,215.7640416209638,0.0,39.04114663610514,-0.2440944881889764,5.0,-1.123831085313645,-1.0911950763534275
387.91593240914784,2.9736308943482888,210.17942299536875,0.0,37.42480023096287,-0.2432416523839462,5.0,-1.3209761693363726,-1.4000097505314206
402.8357759633458,3.090791494339748,204.70426869961312,0.0,41.17647058823529,-0.2755905511811024,5.0,-1.2933159180817575,-1.2903169208897347
417.75561951754383,3.211671372575585,198.4179458845176,0.0,41.96078431372549,-0.3385826771653543,5.0,-1.3612336426178258,-1.62306966097491
432.6754630717418,3.336354373439683,194.82341639298005,0.0,0.1047468350521727,-0.0915216036894521,5.0,-0.6303679830423168,-1.8179250757654817
447.5953066259398,3.4627955442176237,193.29905593415995,0.0,6.614650436833723,-0.0291331153035868,5.0,-0.2093706357933006,-1.9562383267767949
462.5151501801378,3.59184068224544,191.50098320974777,0.0,0.0,-0.0107583791421803,5.0,-0.1574286332189352,-1.913325097312286
477.4349937343358,3.7234636082586334,189.7133249284373,0.0,2.813866694586808,-0.0033234645999056,5.0,-0.2191619471591139,-1.9814168642388863
492.3548372885338,3.858118948914395,187.99068754010844,0.0,16.58770759263709,0.0350558732677048,5.0,-0.2888165826311717,-1.6719875241076003
507.2746808427318,3.996595120526764,182.86998646541247,0.0,30.38225599797597,-0.0747232161341104,5.0,-0.9837094964513774,-1.0457957597754215
522.1945243969298,4.139466779510648,179.78204128713085,0.0,0.0,-0.1889763779527559,11.0,-0.5428485953101907,-0.6156160055765633
537.1143679511277,4.280490096644603,178.90042574350363,0.0,0.0,-0.3149606299212598,4.0,-0.2291714664942542,-0.4866294238742343
552.0342115053257,4.411733197978671,178.6197695146358,100.0,0.0,-0.3858267716535433,4.0,-0.0437966904044053,-0.8469945364767604
566.9540550595237,4.552842129543425,179.89676879817526,21.5686274509804,0.0,-0.889763779527559,4.0,0.2895025046493105,-1.2593345708611996
581.8738986137217,4.654144213383655,180.0872042848219,0.0,0.0,-0.9233695393257676,4.0,0.1142767648463567,-1.505499609508297
596.7937421679197,4.745655634985038,179.34830683150795,0.0,0.0,-0.9921259842519684,4.0,-0.1397931344379085,-1.6895917079327816
611.7135857221177,4.880960337978707,177.86424226085234,0.0,0.0,-1.0,4.0,-0.2028583641620997,-1.7912134562166444
626.6334292763157,4.962642236528873,176.92574289461862,0.0,0.0,-1.0,4.0,-0.2306656896490876,-1.7757852881219718
641.5532728305137,5.0814517216364745,175.51656108592118,0.0,0.0,-1.0,4.0,-0.2209288860082943,-1.835247406068771
656.4731163847117,5.223415202759924,173.7309599240799,0.0,0.0,-1.0,4.0,-0.2074428585817081,-1.914893225746971
671.3929599389097,5.315897667874668,172.52549750694254,0.0,0.0,-1.0,4.0,-0.1990791148613296,-1.9583464911226445
686.3128034931077,5.477053048000618,170.45932069895352,0.0,0.0,-1.0,4.0,-0.1999146384023822,-1.8759902396454908
701.2326470473057,5.635170313442037,168.4795990883583,0.0,0.0,-1.0,4.0,-0.2038981684329813,-1.841234161299415
716.1524906015037,5.80115998523504,166.59407649815188,0.0,0.0,-1.0,4.0,-0.1983175351514536,-1.5246180503377846
731.0723341557017,5.962981492980257,164.71377822469373,100.0,0.0,-1.0,4.0,-0.2042286778327791,-1.9002567294850117
745.9921777098997,6.121332782884205,164.8634937236944,100.0,0.0,-1.0,4.0,0.1648226640290715,-1.7986809756167026
760.9120212640977,6.276620299479104,166.60045217768004,100.0,0.0,-1.0,4.0,0.3559053180894707,-1.6758235494233056
775.8318648182957,6.432751473345487,143.90856389382049,100.0,0.0,-0.2351163433151456,4.0,-6.854464533979824,-9.516441947652556
790.7517083724937,6.605737615080147,139.32588432090483,100.0,0.0,0.0,4.0,-0.7887645106168291,-0.5575171208613151
805.6715519266917,6.778140022543528,140.152279210965,100.0,0.0,0.0,4.0,-0.0986093944221873,-1.1959487221154994
820.5913954808897,6.9502242771179015,142.60685410757816,100.0,0.0,0.0,4.0,0.4017690910335056,-0.6903818930204942
835.5112390350877,7.1190696955343205,145.5923453567563,100.0,0.0,0.0,4.0,0.5173946760306536,-0.372163092440864
850.4310825892857,7.285810514913529,148.4100431618364,100.0,0.0,-0.2679783998061342,4.0,0.4951974689564338,-0.3352587193421021
865.3509261434837,7.448313958173873,151.1150586255131,100.0,0.0,0.0,4.0,0.4792385268222888,-0.114483852039887
880.2707696976817,7.608013262217417,153.76122306626937,100.0,0.0,0.0,4.0,0.4866248639691806,-0.0971372199112998
895.1906132518797,7.764331659490606,156.35864432200066,100.0,0.0,0.0183816297187529,4.0,0.5381637642341593,0.0365050288270224
910.1104568060777,7.91881240382712,158.87618405234673,100.0,0.0,0.2519685039370078,4.0,0.4465858860258211,0.1487753587571605
925.0303003602756,8.075786243886743,148.59370579150433,0.0,99.97691735525854,0.3307138983712879,4.0,-2.066867283611502,0.3597700414368445
939.9501439144736,8.243236771755068,139.95714274997175,0.0,75.29411764705883,0.4094488188976378,4.0,-1.5951186994572306,0.7735776278848912
954.8699874686716,8.42333786096433,132.55066584650726,0.0,0.9174569470857428,0.5917418264750267,3.0,-0.6617980244774685,1.2994791166553463
969.7898310228696,8.60794469481785,131.1307502048683,24.14124976879364,0.0,0.7542387338148632,3.0,-0.1721214292447642,1.358797671359273
984.7096745770676,8.747639704022065,131.5001327661789,100.0,0.0,0.7874015748031497,3.0,0.1746621059736767,1.6695388039624912
999.6295181312656,8.930098332633365,134.6840543651274,100.0,0.0,0.8078802239700653,3.0,0.5538423785152999,1.45077403441236
1014.5493616854636,9.109209662188338,137.96070695457982,100.0,0.0,0.8110236220472441,3.0,0.641743142732294,1.607169148491303
1029.4692052396615,9.202455634073427,139.56379523351754,100.0,0.0,0.8170259206500863,3.0,0.5995969283086576,1.5549490029564152
1044.3890487938595,9.374438564757982,142.5374136118531,100.0,0.0,0.8188976377952756,3.0,0.5664684016664638,1.4977047108986123
1059.3088923480575,9.542895336911862,145.12534087552532,100.0,0.0,0.8188976377952756,3.0,0.5676528775021444,1.558650514293744
1074.2287359022555,9.636454660616062,146.16179085198775,100.0,0.0,0.8188976377952756,3.0,0.4046995336215614,1.2494672587229787
1089.1485794564535,9.80177377419841,149.21942936304347,100.0,0.0,0.8188976377952756,3.0,0.5610495419894211,1.7027945561000013
1104.0684230106517,9.96356222597366,150.71834643045395,100.0,0.0,0.8267716535433071,4.0,0.3643067713313184,1.8391301640880369
1118.9882665648497,10.06534412949355,152.03089401765132,100.0,0.0,0.7885098466188051,4.0,0.4302460881702835,1.7587683638300633
1133.9081101190477,10.227520995798152,154.23930367261195,100.0,0.0,0.7480314960629921,4.0,0.4557589271962243,1.4346665015158804
1148.8279536732457,10.3856249588666,156.38263152177177,100.0,0.0,0.7305721449788001,4.0,0.44124137021902,1.7206586986440873
1163.7477972274437,10.51618893147309,158.17232638627152,100.0,0.0,0.7165354330708661,4.0,0.4798507450866718,1.4644531305210493
1178.6676407816417,10.673553147828544,160.293591527543,100.0,0.0,0.702004402910211,4.0,0.4263008420971447,1.5181429944457694
1193.5874843358397,10.826980328127206,162.32781948436937,100.0,0.0,0.6692913385826772,4.0,0.4289843844974427,1.6861870964011731
1208.5073278900377,10.97701049089959,164.2165104364842,100.0,0.0,0.5826771653543307,4.0,0.405157793786033,1.4322329863939305
1223.4271714442357,11.1248266494843,166.41683628850234,100.0,0.0,0.4521367309900834,4.0,0.4748927126935431,1.4529397593645548
1238.3470149984337,11.270263844551916,168.40285927957538,100.0,0.0,0.2541822444052747,4.0,0.4454606811522785,1.3364283404383084
1253.2668585526314,11.4136111660166,170.4784433633501,100.0,0.0,0.1181102362204724,4.0,0.4525819333801057,1.4713201534759406
1268.1867021068294,11.555234121000105,172.66697802157168,100.0,0.0,0.0472440944881889,4.0,0.4480179088513238,0.8215898219373098
1283.1065456610274,11.695035271207788,174.8902787177394,100.0,0.0,0.0078740157480314,4.0,0.4596610258765495,0.3533363584237466
1298.0263892152254,11.833355780238866,176.4221489682863,100.0,0.0,0.0,4.0,0.3213980213240103,0.0889480300257782
1312.9462327694234,11.970275768591089,178.55789526753142,100.0,0.0,-0.0078740157480314,4.0,0.4294803306073289,-0.0631817176742504
1327.8660763236214,12.105596412516912,180.6027708447295,100.0,0.0,-0.0078740157480314,4.0,0.4345677286921679,-0.0921478156454416
1342.7859198778194,12.239377324276036,182.6380048095608,100.0,0.0,0.0,4.0,0.4231479286795227,-0.0210797579080234
1357.7057634320174,12.37170773788655,184.62303700739528,100.0,0.0,0.0236220472440944,4.0,0.427303850698346,0.02532905567296
1372.6256069862154,12.502637747463618,186.56289008431912,100.0,0.0,0.0472440944881889,4.0,0.4194728423365693,0.0804422657909431
1387.5454505404134,12.63224239837479,188.4747543525768,100.0,0.0,0.0629921259842519,4.0,0.4225724957950792,0.1428896598987165
1402.4652940946114,12.760555170022302,190.3497628227969,100.0,0.0,0.0708661417322834,4.0,0.4199646132134181,0.1954421241747703
1417.3851376488094,12.887736019628353,191.4779847612749,100.0,19.607843137254903,0.0708661417322834,4.0,0.2073276321845619,0.2457408427368012
1432.3049812030074,13.015598573735568,188.2537461197153,0.0,39.21568627450981,0.0708661417322834,4.0,-0.7197542464370469,0.3001245996417533
1447.2248247572054,13.14685984760025,182.1508220686515,0.0,41.96078431372549,0.0708661417322834,4.0,-1.290969645215219,0.276363319598515
1462.1446683114034,13.283219512125209,173.97399441430002,0.0,85.49019607843137,0.0708661417322834,4.0,-1.8097945404089617,0.3268144530028534
1477.0645118656014,13.429258926980326,159.95710722713886,0.0,83.9358434833121,0.0708661417322834,4.0,-2.642371680040522,0.317335182302329
1491.9843554197994,13.588747555322277,146.11058835182607,0.0,81.56862745098039,0.0393700787401574,4.0,-2.4258036327646315,0.2400715954638141
1506.9041989739974,13.765001274748128,131.16175373621107,0.0,70.44264384449126,-0.3383351410222627,3.0,-2.355132044442985,-0.053806669221184
1521.8240425281954,13.959245218633765,122.0158767619212,0.0,27.349746916309197,-0.3724805297170667,3.0,-1.0276828852615676,-0.4831970644931816
1536.7438860823934,14.166555917650424,114.78834415172128,0.0,0.0,-0.3779527559055118,3.0,-0.5379238488996929,-0.8784129419229763
1551.6637296365914,14.38094774159237,111.68613723237632,0.0,0.7983553879015783,-0.4233648537780436,3.0,-0.4009581950288325,-0.9614155998462152
1566.5835731907894,14.600710450002907,110.2156968949918,0.0,3.1372549019607843,-0.4094488188976378,3.0,-0.1883902047293465,-1.040572082941651
1581.5034167449874,14.825321593310193,108.9824807867124,10.196078431372548,0.0,-0.2283464566929134,3.0,-0.1024359881961457,-0.825888945045976
1596.4232602991854,15.053008545635798,110.2400664195234,0.0,0.0,-0.659914816859448,3.0,0.2354645355990219,-0.9596318322051538
1611.3431038533834,15.283557172158684,109.39683034286152,0.1185468134870042,0.0,-0.9048551846334144,3.0,-0.0787208159760649,-1.3452648845777169
1626.2629474075814,15.525832390701886,107.61241043916952,0.0,0.0,-1.0,3.0,-0.1694831663499054,-1.4472221025488792
1641.1827909617791,15.762969282025018,105.25680108693574,0.0,0.0,-1.0,3.0,-0.183779853447579,-1.852862691606044
1656.1026345159771,15.972052479016728,103.21621379990496,0.0,0.0,-1.0,3.0,-0.1669455065385527,-1.791940007453796
1671.022478070175,16.07898751527393,102.21951013900356,0.0,0.0,-1.0,3.0,-0.169649037601661,-1.6801305713874468
1685.942321624373,16.285511587104867,100.36444252372786,74.90645350360784,0.0,-1.0,3.0,-0.0939040233760305,-1.8012315170954127
1700.862165178571,16.347148207475488,100.08674829687392,21.176470588235293,0.0,-1.0,3.0,-0.0860014716590493,-1.8220093807123088
1715.782008732769,16.536097257989955,99.07509132237676,37.25490196078432,0.0,-1.0,3.0,0.0102948847213756,-1.7193186261430602
1730.701852286967,16.760416929785755,98.61845622057515,85.16539381147062,0.0,-1.0,3.0,0.0827596584261969,-1.7379656884675392
1745.621695841165,17.025852903455668,102.50774083845208,100.0,0.0,-1.0,3.0,0.5087862751266778,-1.564861640994086
1760.541539395363,17.283419847798704,106.81190755629234,89.80392156862746,0.0,-1.0,3.0,0.5379637779141254,-1.5637890613405474
1775.4613829495613,17.522191216705345,110.4138338569315,100.0,0.0,-1.0,3.0,0.5614508824048494,-1.4640485456513823
1790.3812265037593,17.74321565228823,114.81036517974246,100.0,0.0,-0.1653543307086614,3.0,0.6308742809579457,-1.5383929324616978
1805.3010700579573,17.95256735983815,119.50817848317894,100.0,0.0,-0.2440944881889764,3.0,0.6929513356309875,-1.169801441285072
1820.2209136121555,18.15265176181548,123.9014176400457,100.0,0.0,-0.3307086614173228,3.0,0.6444381476970013,-0.9589336752391636
1835.1407571663533,18.345388973375023,128.16702783931095,100.0,0.0,0.0,3.0,0.6200944080518364,-0.5057145797417848
1850.0606007205515,18.53186945073577,132.28021666766332,100.0,0.0,0.0078740157480314,3.0,0.6344993469980531,-0.1101674554011218
1864.9804442747493,18.71283058063758,136.1634749313628,100.0,0.0,0.0216672784876567,3.0,0.5942907950635957,0.0471997706801329
1879.9002878289475,18.888671562928053,139.95195802583848,100.0,0.0,0.0376211733544662,3.0,0.6217202140110434,0.1006534994928478
1894.8201313831453,19.060045289821144,143.5076514747744,100.0,0.0,0.0,3.0,0.5926901641542758,0.2738187527689367
1909.7399749373435,19.227274667376587,146.9990585203504,100.0,0.0,0.0,3.0,0.6039371791224415,0.1710497381307527
1924.6598184915413,19.390706342837078,150.31745468565157,100.0,0.0,0.0,3.0,0.5951094159101926,0.061649177948975
1939.5796620457395,19.550674031364306,153.45338483435202,100.0,0.0,-0.0314960629921259,3.0,0.5383085558234706,-0.0499189432875413
1954.4995055999373,19.70798988013232,155.46354058793264,100.0,0.0,-0.0956354462795794,4.0,0.3907842169936366,-0.1706965118642024
1969.4193491541355,19.862979435741416,158.00062399842685,100.0,0.0,-0.1102362204724409,4.0,0.4690851372630063,-0.2276803500185216
1984.3391927083333,20.015513335056703,160.47471604953907,100.0,0.0,-0.0551181102362204,4.0,0.4359655614754842,-0.2674698785738363
1999.2590362625317,20.1657139834499,162.91343922284582,100.0,0.0,-0.0111954921934862,4.0,0.4847202943812854,-0.1273986223214451
2014.1788798167288,20.3137916257082,165.29198812385545,100.0,0.0,0.0386269326969706,4.0,0.4522101497593018,0.0249632641379495
2029.0987233709272,20.459694345419024,167.613801430369,100.0,0.0,0.0724181085900078,4.0,0.4462676401053538,0.1276505458580708
2044.0185669251248,20.60362898140643,169.87355605341858,100.0,0.0,0.0912463089859815,4.0,0.4525404033658644,0.242624189313856
2058.938410479323,20.745641671421176,172.0992674271166,100.0,0.0,0.065611856106557,4.0,0.4534585428319734,0.2453734965416503
2073.858254033521,20.885923051819542,174.28509014611447,100.0,0.0,0.0482599284820192,4.0,0.4469823901097282,0.2345111841728259
2088.778097587719,21.024496041151867,176.40792491900768,100.0,0.0,0.0472440944881889,4.0,0.4425716141203735,0.2072651374340844
2103.697941141917,21.161565004314244,178.50623377959164,100.0,0.0,0.0314960629921259,4.0,0.4418558390669577,0.1491134991338006
2118.617784696115,21.29693357014365,180.5656336672267,100.0,0.0,0.0,4.0,0.4115103389489041,0.0718205565300714
2133.537628250313,21.430790487984915,182.5848491707242,100.0,0.0,-0.0472440944881889,4.0,0.4294777645935553,-0.0030034229857451
2148.457471804511,21.5633232950085,183.59651095843049,100.0,20.392156862745097,-0.1102362204724409,4.0,0.1629126544000615,-0.1605182277185902
2163.377315358709,21.696177252314293,182.01652605770815,0.0,20.7843137254902,-0.1417322834645669,4.0,-0.3265907840379938,-0.3343021090418302
2178.297158912907,21.83078134369101,178.98359443016116,0.0,17.254901960784313,-0.1102362204724409,4.0,-0.6343077232102072,-0.4553448652523891
2193.217002467105,21.968479300786303,173.77053629004257,0.0,34.509803921568626,-0.1023622047244094,4.0,-1.068772347733911,-0.4567877663003841
2208.136846021303,22.110957506741265,167.34647328664593,0.0,38.03921568627451,-0.1023622047244094,4.0,-1.2722098793089551,-0.5128114475866475
2223.056689575501,22.25923410274273,160.41221919656095,0.0,38.76740508636824,-0.1104240380967991,4.0,-1.3079559008457184,-0.4381051041966146
2237.976533129699,22.41314116701427,156.8809047959972,0.0,0.0,-0.1181102362204724,4.0,-0.459855779509035,-0.478815826265923
2252.896376683897,22.56906425042753,155.14677172355945,0.0,0.0,-0.1259842519685039,4.0,-0.314532162891824,-0.4567314678449392
2267.816220238095,22.726444669225813,154.29838120845855,0.0,0.0,-0.1578639551709121,4.0,-0.1349617848116958,-0.4273704445140644
2282.736063792293,22.885222865602056,153.4439719973706,0.0,0.0,-0.2601654424710169,4.0,-0.1309467102559392,-0.5603901076473013
2297.655907346491,23.04503890054518,152.5116599868867,0.0,0.0,-0.3937007874015748,4.0,-0.1634530012035362,-0.9758105744202128
2312.575750900689,23.206785959741183,151.49758936800018,0.0,0.0,-0.5059452022250321,4.0,-0.1526678866146443,-1.2028601760491469
2327.495594454887,23.371131622784528,150.35003885069844,0.0,0.0,-0.5590551181102362,4.0,-0.150967693317654,-1.4893520207533055
2342.415438009085,23.53898961270974,149.10627245389662,0.0,0.0,-0.5964285974642354,4.0,-0.1372776140140273,-1.5621416413516032
2357.335281563283,23.714994519236583,147.64313136913697,0.0,0.0,-0.6141732283464567,4.0,-0.1487639623131259,-1.842902688293604
2372.255125117481,23.888405036480115,146.1860327015294,0.0,0.0,-0.7345071887869117,4.0,-0.1139912279491593,-1.6950541598607989
2387.174968671679,24.06419741262834,144.64079310994757,0.0,0.0,-0.9370481071259648,4.0,-0.1730938346445983,-1.604399670317016
2402.094812225877,24.216093037067743,142.81383067579785,0.0,0.0,-1.0,4.0,-0.1659220712621975,-1.9518550372416903
2417.014655780075,24.37396963494552,141.4618309711701,100.0,0.0,-1.0,4.0,-0.0510866234358933,-1.810754962936965
2431.934499334273,24.548362527670896,142.22210428735707,100.0,0.0,-1.0,4.0,0.3308724182015837,-1.9101338660205904
2446.854342888471,24.652548836362893,143.35100283315523,100.0,0.0,-1.0,4.0,0.4112952708120099,-1.6149010302275957
2461.774186442669,24.79758481916098,145.18964909158302,100.0,0.0,-1.0,4.0,0.4570009365196419,-1.7821527956590435
2476.694029996867,24.963060796557965,147.2919172066745,100.0,0.0,-1.0,4.0,0.4270712390643068,-1.6306482756402796
2491.613873551065,25.08967711938971,149.0209167407411,100.0,0.0,-1.0,4.0,0.4292256278670102,-1.5780296046818278
2506.533717105263,25.246782334698818,151.05208615780353,100.0,0.0,-0.9740529668119384,4.0,0.4172663669397007,-1.486546431709893
2521.453560659461,25.407331794211743,153.30058432303412,100.0,0.0,-0.7952755905511811,4.0,0.4413009820995658,-1.5988021167111344
2536.373404213659,25.55986661984125,155.42838630720067,100.0,0.0,-0.6299212598425197,4.0,0.4574640438667705,-1.5559808151097818
2551.293247767857,25.715233559246187,157.53846771976072,100.0,0.0,-0.5109583625095909,4.0,0.4573956734310634,-1.598767515617652
2566.213091322055,25.868375362874566,159.7416104583122,100.0,0.0,-0.3779527559055118,4.0,0.4922774542049923,-1.4355112892729245
2581.132934876253,26.01962183862832,161.9398048515505,100.0,0.0,-0.2992125984251969,4.0,0.4668288981783552,-1.490475036152593
2596.052778430451,26.16915881407039,164.32415405232942,100.0,0.0,0.3692359662472471,4.0,0.4817059139122834,-0.4606651492311698
2610.972621984649,26.316654789642445,166.57453711854131,100.0,0.0,0.5960711694159762,4.0,0.4280815138967772,0.3294807647982499
2625.892465538847,26.461987631076173,168.57568479761076,100.0,0.0,0.429996286268054,4.0,0.3890205549151617,1.3224684110996874
2640.812309093045,26.605242652983097,170.7015837065872,100.0,0.0,0.0,4.0,0.440018722017226,1.190829541732936
2655.732152647243,26.746647301972136,172.85269312268773,100.0,0.0,0.0,4.0,0.4478794886950934,0.858306444262576
2670.651996201441,26.886270306534374,175.0285702018349,100.0,0.0,0.0393700787401574,4.0,0.4355123094985944,0.4447042590629657
2685.571839755639,27.0242620429938,177.14249231715198,100.0,0.0,0.0551181102362204,4.0,0.422455416761723,0.1993763899021961
2700.491683309837,27.16062570912002,179.2192591149457,100.0,0.0,0.0236220472440944,4.0,0.4387330048988827,0.0956539925970175
2715.411526864035,27.295481426099105,181.26642615265249,100.0,0.0,0.0,4.0,0.4327718358140833,0.0635680454069106
2730.331370418233,27.428795012137016,183.26537183611015,100.0,0.0,-0.0078740157480314,4.0,0.4096589570704897,0.0361357388643805
2745.251213972431,27.56068529162118,185.2475358386293,100.0,0.0,-0.0236220472440944,4.0,0.4361284032760163,-0.0628743748255193
2760.171057526629,27.69116738457153,187.1638827038566,100.0,0.0,-0.0629921259842519,4.0,0.4173192180408182,-0.1296760537126255
2775.090901080827,27.82032631939852,189.0562821357772,100.0,0.0,-0.0393700787401574,4.0,0.4052493840223924,-0.1486801110427937
2790.010744635025,27.948188802616063,190.92844421575847,100.0,0.0,0.0,4.0,0.4104772138778346,-0.0932867827190161
2804.930588189223,28.074837903571996,192.73022623183152,100.0,0.0,0.0078740157480314,4.0,0.4095524727077584,-0.0588194884880399
2819.850431743421,28.200306489963875,194.568085359115,100.0,0.0,0.0078740157480314,4.0,0.4003899746039483,0.0534379228190861
2834.770275297619,28.324602985004866,196.30702559780067,100.0,0.0,0.0140133041893312,4.0,0.4079056301299383,0.0266232093649623
2849.690118851817,28.44781133924233,198.0486525974032,100.0,0.0,0.0157480314960629,4.0,0.4058829319445908,0.0416939905360157
2864.609962406015,28.569962527849523,199.7501110350736,100.0,0.0,0.0157480314960629,4.0,0.3990221468394954,0.0504123371535915
2879.529805960213,28.691092036313048,201.40768246965217,100.0,0.0,0.0157480314960629,4.0,0.3854998431962206,0.0598622397055026
2894.449649514411,28.811272675991635,203.030532505528,100.0,0.0,0.0157480314960629,4.0,0.3796105295226393,0.0619289022580167
2909.369493068609,28.930488310036203,204.62749716601627,100.0,0.0,0.0157480314960629,4.0,0.3743262940147893,0.0655064180501605
2924.289336622807,29.048777318434126,206.1657886885232,100.0,0.0,0.0157480314960629,4.0,0.3730175034650997,0.0476593300721475
2939.209180177005,29.16636906582122,206.96636665260883,48.23529411764706,0.0,0.0078740157480314,5.0,0.1939027398403552,0.0911190339814501
2954.129023731203,29.283822389026444,206.37596658301516,0.0,11.391227695648531,0.0,5.0,-0.1666115935542421,0.0617004417872937
2969.048867285401,29.402199965007007,204.0724978510556,0.0,14.70508232190562,-0.0163081663901678,5.0,-0.5404797488769996,0.0314740936415837
2983.9687108395988,29.522212309232387,201.04164004192228,0.0,19.215686274509807,-0.0314960629921259,5.0,-0.7012607334428823,-0.045497913727425
2998.8885543937968,29.64414250803131,197.5636153024535,0.0,22.745098039215687,-0.0393700787401574,5.0,-0.8015760103493418,-0.1092962032442866
3013.8083979479948,29.76835528151428,193.60977708611404,0.0,26.27450980392157,-0.0551181102362204,5.0,-0.9091891217491204,-0.1560235055866774
3028.7282415021928,29.89535240812421,189.03052924335051,0.0,31.62400616288007,-0.0976070541219393,5.0,-1.0346385653648176,-0.2392397813377838
3043.6480850563908,30.02606336627127,182.36203465689024,0.0,48.92781566152144,-0.1640129896409314,5.0,-1.4541410325226691,-0.3952440912498183
3058.5679286105888,30.162234364690203,174.4544809782007,0.0,50.13586367292271,-0.3464872500581714,5.0,-1.6296505300821638,-0.7120495107127877
3073.4877721647867,30.30299024058827,166.33966853166683,0.0,50.98039215686274,-0.5039370078740157,11.0,-1.5950531988461254,-1.0639435289394266
3088.4076157189847,30.45193269748221,161.5464672775769,0.0,0.0,-0.5118110236220472,4.0,-0.7010829245403262,-1.5225186227104763
3103.3274592731827,30.603856787700284,158.1125436597733,0.0,42.41582916475344,-0.4462934744862791,4.0,-0.8052192982447386,-1.3874035719095108
3118.2473028273807,30.76263236253705,151.1262849597354,0.0,20.179335897312708,-0.3751786755490723,4.0,-1.0443567456097809,-1.6379044620537642
3133.1671463815787,30.929249048090693,145.6050412807651,0.0,25.49019607843137,0.1968503937007874,4.0,-0.910529761500574,-1.0532470462993138
3148.0869899357767,31.09914786339364,137.50118116571537,0.0,37.34648356579391,-0.122212260465316,4.0,-1.205465071144959,-1.0679775864654106
3163.0068334899747,31.28682021521086,129.28564542612648,0.0,35.65021486177324,-0.2154493846163986,3.0,-1.1773494730897875,-1.3998001049672224
3177.9266770441727,31.461888385283256,123.30758399852576,0.0,17.254901960784313,-0.0157480314960629,3.0,-0.7160310441219789,-1.0029997891979958
3192.8465205983707,31.66986683396335,119.2198930042362,0.4787006161550213,0.0,-0.0637610624070521,3.0,-0.2903721705854112,-0.4217162516164608
3207.7663641525687,31.80262598841944,119.30067509014474,100.0,0.0,-0.1180890056235731,3.0,0.0486285720501396,-0.2096241907829196
3222.6862077067667,31.96027928166484,122.14418978164018,100.0,0.0,-0.3299019298646614,3.0,0.5413584291052316,-0.1999734250372409
3237.6060512609647,32.14003108489593,125.9257734851401,100.0,0.0,-0.8636267388125602,3.0,0.6124012526588427,-0.9306470453637236
3252.5258948151627,32.28228111963039,128.78051009849017,100.0,0.0,-0.9291338582677166,3.0,0.5537754705624057,-1.2286650740095608
3267.4457383693607,32.43056416016667,131.52338756818585,100.0,0.0,-0.9148063438547624,3.0,0.5533398976818935,-1.209834837608913
3282.3655819235587,32.60714090049709,134.87138302953613,100.0,0.0,-0.9133858267716536,3.0,0.6501150026787591,-1.5725424482620374
3297.2854254777567,32.75623531683214,137.00210238617623,100.0,0.0,-0.9133858267716536,3.0,0.4273742192912447,-1.473677955750276
3312.2052690319547,32.93316498080743,141.05076061579743,100.0,0.0,0.0,3.0,0.6936816010533816,-1.2419320234006408
3327.1251125861527,33.1041152377133,144.6370911407667,100.0,0.0,0.0,3.0,0.6173253680234801,-0.7390084104801767
3342.0449561403507,33.263118120441774,147.89143649862766,100.0,0.0,-0.415699794476524,3.0,0.5696495588355841,-0.3136156393268762
3356.9647996945487,33.426518951678915,151.1160138106575,100.0,0.0,0.0,3.0,0.5698169108201077,-0.4068266977464117
3371.8846432487467,33.58628767567222,154.07899570631983,100.0,0.0,-0.7929553568765664,3.0,0.5255864255564942,-0.5507179244346961
3386.8044868029447,33.743717426825974,156.0105049172793,100.0,0.0,0.0,4.0,0.4155141863065035,-0.5399885020870873
3401.7243303571427,33.89833463473771,158.43848436945655,100.0,0.0,-1.0,4.0,0.4554371817469997,-0.8229140240905519
3416.6441739113407,34.05058529815109,160.76528694028588,100.0,0.0,-0.1265997587168449,4.0,0.4785640995179693,-0.6790725069420478
3431.5640174655387,34.199731886396314,162.92669256408178,100.0,0.0,-0.8701801272437355,4.0,0.4176936239554846,-1.1726878725202707
3446.4838610197367,34.34806633523954,164.98217778932354,100.0,0.0,-0.1889763779527559,4.0,0.4129113594103278,-1.3893401941484236
3461.403704573934,34.494920868606165,167.19777379982912,100.0,0.0,0.0,4.0,0.4616505342046001,-1.093270327525823
3476.3235481281326,34.64242578106912,169.33200793808163,100.0,0.0,-1.0,4.0,0.4545876259517801,-1.3009176729587624
3491.24339168233,34.78756025030886,171.08304837130026,100.0,0.0,-0.7060852394349215,4.0,0.3826749663659327,-1.4421423365903474
3506.1632352365286,34.93219319049055,173.29776316108166,100.0,0.0,-0.0864052833596865,4.0,0.4709975799653151,-0.9479949631908748
3521.083078790726,35.06719329285933,175.02628283128578,100.0,0.0,-1.0,4.0,0.3666115855644988,-1.054172562687222
3536.0029223449246,35.176465913999415,176.44394412769682,100.0,0.0,-0.084686383467054,4.0,0.3872456134842925,-0.8228800813741558
3550.9227658991226,35.309412028985385,178.4320211858611,100.0,0.0,0.0,4.0,0.4048098564893415,-0.4771046141989115
3565.8426094533206,35.39738667816514,180.1163812615214,100.0,0.0,-0.0056998705314237,4.0,0.5419099348931987,-0.4532381226264613
3580.7624530075186,35.53143449552249,182.10245104767623,25.921760468120752,0.0,-0.1475652157111715,4.0,0.4348373772548024,-0.4732651674834706
3595.6822965617166,35.66444330424575,182.1245391240612,0.0,22.759948044994644,-0.1553271348845578,4.0,-0.0808667516341427,-0.413639025427189
3610.6021401159146,35.73307349053646,180.8008086476897,0.0,41.64418155926268,-0.1574803149606299,4.0,-0.3678959554272848,-0.2918618986391306
3625.5219836701126,35.87689972436888,172.26422811984287,0.0,45.88235294117647,-0.1417322834645669,4.0,-1.2777484874813034,-0.5486845726493436
3640.441827224311,36.02699558824587,163.19447094213058,0.0,44.70588235294118,-0.1181102362204724,4.0,-1.6539411295726023,-0.7273576466835011
3655.3616707785086,36.17606726094032,155.37885630600778,0.0,42.72237122874227,-0.1023622047244094,4.0,-1.4364717085163956,-0.6897626700783419
3670.2815143327066,36.34326855412006,147.04644041139318,0.0,42.35294117647059,-0.1259842519685039,4.0,-1.4442207551053778,-0.4565133481835595
3685.2013578869046,36.519610687926544,138.3648831899642,0.0,40.78431372549019,-0.1102362204724409,4.0,-1.3921458498732846,-0.4591976544673883
3700.121201441103,36.706371702393696,130.0650159945649,0.0,34.98173636509977,-0.0870146215177251,4.0,-1.204128508405642,-0.3583425063335325
3715.0410449953006,36.90391115185216,122.12569450777416,0.0,35.19109219282746,0.0574201031190171,3.0,-1.1173742327928229,-0.0819176093658396
3729.9608885494986,37.11616911517456,112.85765801773172,0.0,38.82352941176471,0.7322834645669292,3.0,-1.2440594236732851,0.7018181224316844
3744.8807321036966,37.340403912590006,102.487946641537,0.0,40.0,0.8110236220472441,3.0,-1.2527154934744855,1.202595626455523
3759.800575657895,37.6047316611553,90.36776900532274,0.0,38.03921568627451,0.9606299212598424,11.0,-1.2139586019080315,1.425809884256148
3774.720419212093,37.79673115825504,83.2531755554961,0.0,1.568627450980392,0.984251968503937,2.0,-0.8058783845113172,1.559463083307489
3789.6402627662906,38.02524734390484,79.97380692412204,0.0,0.0,0.984251968503937,2.0,-0.2107325283880688,1.8124496372501704
3804.560106320489,38.07312636266964,79.42440382062257,0.0,0.0,0.9913821806880296,2.0,-0.1533245665773797,1.7933942262133975
3819.479949874687,38.38245033598149,77.49851146567104,100.0,0.0,0.908873166168156,2.0,0.187893347839804,1.7164409286906657
3834.399793428885,38.65432224444667,84.49835247862461,100.0,0.0,0.7483051682051913,2.0,0.913181193842512,1.3853537935900389
3849.3196369830825,38.94011001899144,93.0131022341756,100.0,0.0,0.2443196848894948,2.0,0.9607039414209086,1.1405057922303998
3864.239480537281,39.19448105492579,100.88070332328586,100.0,0.0,0.1653543307086614,2.0,0.8541692981289801,0.6831047802494007
3879.159324091479,39.42962114530437,107.67242943540226,100.0,0.0,0.1496062992125984,2.0,0.8108851130049821,0.3118581064440379
3894.079167645677,39.652581535999374,112.08025375318378,100.0,0.0,0.1496062992125984,3.0,0.6292930513769184,0.3168232812427922
3908.9990111998745,39.86559888520673,116.98755258391864,100.0,0.0,0.1417322834645669,3.0,0.6476569347637526,0.3041243747125922
3923.918854754073,40.069760149802704,121.60876962480717,100.0,0.0,0.1417322834645669,3.0,0.6302740303199009,0.3123251542717468
3938.838698308271,40.26629388476818,126.01774564668142,100.0,0.0,0.1417322834645669,3.0,0.6308064357640495,0.3242922807927065
3953.758541862469,40.45605064341014,130.186556687688,100.0,0.0,0.1417322834645669,3.0,0.6153626813757608,0.3142380698490156
3968.6783854166665,40.639846541294766,134.19197993922876,100.0,0.0,0.1417322834645669,3.0,0.6185300444597706,0.3318297369262812
3983.598228970865,40.81833976572878,138.02200073486347,100.0,0.0,0.1574803149606299,3.0,0.6035409823660488,0.3855329382797041
3998.5180725250634,40.99200573379255,141.660619284995,100.0,0.0,0.176166566827703,3.0,0.5998588513437461,0.3928580154568724
4013.437916079261,41.1614001058302,145.1932850154562,100.0,0.0,0.18463979109084,3.0,0.5877116782820452,0.5192621229543636
4028.3577596334585,41.32694081411691,148.5489302984059,100.0,0.0,0.1889763779527559,3.0,0.5793263933099986,0.5169991257040213
4043.277603187657,41.48906148758179,151.75540199514649,100.0,0.0,0.1889763779527559,3.0,0.5641926158729506,0.5922007280798256
4058.1974467418554,41.64832185358565,154.00150453926207,100.0,0.0,0.1889763779527559,4.0,0.2908315534561601,0.5574003121320321
4073.117290296053,41.805772824535886,156.50467163494392,100.0,0.0,0.1811023622047244,4.0,0.4431038851660047,0.652259275887842
4088.0371338502505,41.96112869120464,159.0226790504155,100.0,0.0,0.1811023622047244,4.0,0.4664035799685725,0.6210302890230477
4102.9569774044485,42.11458459234392,161.46193334402892,100.0,0.0,0.1811023622047244,4.0,0.462795316776507,0.6367010875955643
4117.876820958646,42.2662694175541,163.87155196219615,100.0,0.0,0.1811023622047244,4.0,0.4556884865212545,0.6324604312554716
4132.7966645128445,42.416378551083525,166.22350469399373,100.0,0.0,0.1811023622047244,4.0,0.447649177405141,0.6735214636170833
4147.716508067042,42.56502982051816,168.54787960586086,100.0,0.0,0.1811023622047244,4.0,0.4572474821767612,0.6557331087181035
4162.6363516212405,42.701699207627215,170.63975966001323,100.0,0.0,0.1462642994781775,4.0,0.4422607232601072,0.6353814165977838
4177.556195175438,42.84498067821058,172.88392369056257,100.0,0.0,0.0740250553238963,4.0,0.4547485167728758,0.5159905091795655
4192.4760387296365,42.97154654379651,174.73639316772824,100.0,0.0,0.0308882376435223,4.0,0.417479927080879,0.3058066177766982
4207.395882283834,43.10342060655773,176.34887317110957,100.0,0.0,-0.0050721078072908,4.0,0.3539238846371266,0.1197707541398948
4222.315725838032,43.22953767779505,178.47375028095817,100.0,0.0,-0.0302898030378415,4.0,0.4598877803707082,0.0970734328082941
4237.23556939223,43.35079528625464,180.5787196833832,100.0,0.0,-0.0560161864128099,4.0,0.4711051771334978,-0.0890860465027951
4252.155412946428,43.48446648949295,182.5906315177868,100.0,0.0,-0.1206119433381442,4.0,0.43199145677313,-0.332559345771134
4267.075256500626,43.60658983865041,183.96332593061297,100.0,0.0,-0.4409448818897638,4.0,0.310411156585551,-0.3392219456867571
4281.995100054824,43.74243356574543,186.22543030399964,100.0,0.0,-0.5039370078740157,4.0,0.4676386347567723,-1.0079234984425716
4296.914943609022,43.87894148348244,188.00007076803064,100.0,0.0,-0.5196850393700787,4.0,0.4019785713858446,-1.303613261711379
4311.83478716322,44.0124885184593,189.6613176441161,100.0,0.0,-0.5275590551181102,4.0,0.3898537014927425,-1.3380916568090588
4326.754630717418,44.13458639483608,191.08613539851575,100.0,0.0,-0.5275590551181102,4.0,0.3987461502186458,-1.6878486089684177
4341.674474271616,44.25246695695516,192.3736266129664,100.0,0.0,-0.5251442922780607,4.0,0.3787177625684698,-1.5162786505630568
4356.594317825814,44.377944428325385,193.86265900020845,100.0,0.0,-0.4330708661417323,4.0,0.4301513065965184,-1.6963976410662394
4371.514161380012,44.4995033128036,195.3991392524826,100.0,0.0,0.0236220472440944,4.0,0.4503620731041125,-1.5214358409069448
4386.43400493421,44.62331205669199,197.09444323087988,100.0,0.0,0.2598425196850393,4.0,0.4045116964151257,-0.5420511696116176
4401.353848488408,44.74607219236084,198.78824443000445,100.0,0.0,0.290300189014407,4.0,0.4099493271678314,-0.1186162989496818
4416.273692042606,44.86432992731151,200.39219630212145,100.0,0.0,0.1787808095427456,4.0,0.3946734256652134,0.5711797092751159
4431.193535596804,44.98517415799224,201.9369950247267,100.0,0.0,0.0850507411040607,4.0,0.3760683480167158,0.8331539741093914
4446.113379151002,45.10519313632485,203.328843656227,0.0,1.568627450980392,0.0078740157480314,4.0,0.3265819409055759,0.5871898475470099
4461.0332227052,45.22535923805388,201.28627399053724,0.0,22.35294117647059,-0.0078740157480314,4.0,-0.4426426877423722,0.2446963222129135
4475.953066259398,45.34756765033979,197.02615715727336,0.0,29.77504062808006,-0.0227766563792157,4.0,-0.9461539911184172,-0.0916015736601157
4490.872909813596,45.47299839539056,190.9679137248122,0.0,43.92156862745098,-0.0314960629921259,4.0,-1.3712842228092086,-0.129344231752981
4505.792753367794,45.60285019638776,183.9965622515457,0.0,43.92156862745098,-0.0314960629921259,4.0,-1.5003762396335725,-0.229229267856732
4520.712596921992,45.737747366175206,176.8088896374113,0.0,45.23109740420493,-0.0485799148847344,4.0,-1.5053938342218478,-0.2401336720036463
4535.63244047619,45.87839702057561,169.064863204067,0.0,46.98021771079462,-0.0771618516734353,4.0,-1.5510576004949757,-0.2506455051202112
4550.552284030388,46.02587954903963,160.72632840339554,0.0,48.62745098039216,-0.0944881889763779,4.0,-1.5888261047605996,-0.3383559359958594
4565.472127584586,46.181414642620766,151.87327553265823,0.0,48.62745098039216,-0.1023622047244094,4.0,-1.5978686574181815,-0.3906602686340958
4580.391971138784,46.34651837640577,142.59323456171694,0.0,48.302997513626906,-0.1102362204724409,4.0,-1.5931570633590657,-0.3378602610876016
4595.311814692982,46.5230265765343,132.8355189947696,0.0,47.05882352941176,-0.1463240141234257,4.0,-1.5382958824580613,-0.4526514195092168
4610.23165824718,46.71338377125658,122.65263802034158,0.0,47.05882352941176,-0.2677165354330709,11.0,-1.5061277394427228,-0.5382947244716939
4625.151501801378,46.921133927951566,111.35940830030732,0.0,48.23529411764706,-0.3662218914364814,3.0,-1.5648785414425057,-0.8210253174890163
4640.071345355576,47.154355714669045,98.51189652161632,0.0,48.23529411764706,-0.6850393700787402,3.0,-1.538311674130414,-1.0451850584911593
4654.991188909774,47.424513654519785,88.77469627569855,0.0,0.0,-0.7716535433070866,2.0,-0.3917932158101467,-1.4595102558303186
4669.911032463972,47.7070833899064,86.31602925871151,0.0,0.0,-0.2047244094488189,2.0,-0.1979064040573412,-1.3153824417810362
4684.83087601817,48.00337109990074,84.12560801103113,0.0,0.0,-0.7424557986810708,2.0,-0.18339759616724,-0.8374495091734583
4699.750719572368,48.13373469850087,82.94066233840287,0.0,0.0,-0.8847812982707244,2.0,-0.2457663310640671,-1.0695771959355234
4714.670563126566,48.30404111324018,81.50596090937913,0.0,0.0,-1.0,2.0,-0.1921401221090452,-1.302507991812519
4729.590406680764,48.48657584179767,79.81146262683706,0.0,0.0,-1.0,2.0,-0.2047990841508946,-1.121749866628793
4744.510250234962,48.66719484117846,77.46228183730645,0.0,0.0,-1.0,2.0,-0.2503271782350317,-1.6718882065768748
4759.43009378916,49.070560364747706,73.33845326934762,41.96078431372549,0.0,-1.0,2.0,-0.1691869808888106,-1.6720017821818052
4774.349937343358,49.42504180367173,78.02004897692431,79.16304771083995,0.0,-1.0,2.0,0.6000414805972962,-1.5417397231617602
4789.269780897556,49.728264732724455,85.39720860176769,100.0,0.0,-0.0944881889763779,2.0,0.8496493320478196,-1.3738069587996966
4804.189624451754,50.00089921860778,92.90705149422624,100.0,0.0,-0.060353300315461,2.0,0.9250390805182924,-1.3332338872164156
4819.109468005952,50.25506021476012,99.79229623208472,100.0,0.0,-0.0236220472440944,2.0,0.9046421621541604,-1.3799891180199324
4834.02931156015,50.49670965133256,107.09977597874123,100.0,0.0,0.1496062992125984,2.0,0.8620181464496139,-0.4168774280125011
4848.949155114348,50.72561861633299,111.56644397180602,100.0,0.0,0.6091758799491804,3.0,0.6378830369175188,0.8011970077411517
4863.868998668546,50.9421801702925,116.25239064329708,100.0,0.0,0.7129268499267011,3.0,0.6221945105134713,1.0915487593004487
4878.788842222744,51.148309364208345,120.66187939597776,100.0,0.0,0.2291666686213588,3.0,0.6412475039420481,1.323233593681222
4893.708685776942,51.34609416225029,125.0828064354147,100.0,0.0,0.0,3.0,0.6547385856015476,0.7291346260256854
4908.62852933114,51.53701319235088,129.32623018306612,100.0,0.0,0.0,3.0,0.6237882091080807,0.1952868819798531
4923.548372885338,51.7219190358398,133.3866089654184,100.0,0.0,0.0,3.0,0.6139893686155798,0.004858740617921
4938.468216439536,51.901366061067705,137.25380914921683,100.0,0.0,0.0,3.0,0.6180411908095883,0.0094456539606811
4953.388059993734,52.0759353931491,140.96069802884028,100.0,0.0,0.0,3.0,0.5980343935725111,0.0011262742339505
4968.307903547932,52.246065044469695,144.55123623279857,100.0,0.0,0.0078740157480314,3.0,0.6049470332016722,0.0116594592214667
4983.22774710213,52.41210015341639,147.9620703576995,100.0,0.0,0.0440123840384647,3.0,0.5915677668039382,0.0750610574473821
4998.147590656328,52.574453282990255,151.22403906163944,100.0,0.0,0.0551181102362204,3.0,0.5918825798084958,0.126673751747991
5013.067434210526,52.73342667335758,154.20798620484953,100.0,0.0,0.0551181102362204,3.0,0.5305903746625519,0.1558728843353727
5027.987277764724,52.89016472136426,156.21472319654106,100.0,0.0,0.0551181102362204,4.0,0.4360732768278849,0.157906858764121
5042.907121318922,53.04442109028705,158.74080759554005,100.0,0.0,0.0551181102362204,4.0,0.4500031518866354,0.147247799033861
5057.82696487312,53.19633118139566,161.21651991517157,100.0,0.0,0.0551181102362204,4.0,0.4423183277059153,0.1377131309552814
5072.746808427318,53.345936215057336,163.6409418261021,100.0,0.0,0.0720166466125827,4.0,0.4645333349618289,0.198686034156342
5087.666651981516,53.49344344896453,165.97652007513497,100.0,0.0,0.1493418494997487,4.0,0.4505935744302189,0.2679987328114165
5102.586495535714,53.63894267401955,168.28343916578814,100.0,0.0,0.1889763779527559,4.0,0.4429333580001783,0.4113671722098063
5117.506339089912,53.78263787545769,170.51178604208806,100.0,0.0,0.1420788739618554,4.0,0.4321122365058448,0.546628029487653
5132.42618264411,53.92466222523891,172.72232145779736,100.0,0.0,0.0571199508197072,4.0,0.4628975869667298,0.4696808623612353
5147.346026198308,54.065111780035465,174.03903421717416,100.0,25.09803921568628,0.0236220472440944,4.0,0.1651401084432919,0.2753962705877694
5162.265869752506,54.20685152724343,169.28712527946456,98.4313725490196,68.23529411764706,0.0,4.0,-1.0488542259267684,0.1261839616375607
5177.185713306704,54.35592047974018,157.90210682663545,0.0,89.01960784313725,-0.3385826771653543,4.0,-2.1301421690445586,-0.1126029800609953
5192.105556860902,54.51725855548131,144.29120616298923,0.0,100.0,-0.7978566666069105,3.0,-2.464562823233572,-0.0122262384568938
5207.0254004151,54.69677643833106,128.8055341146297,0.0,86.27563137367092,-1.0,11.0,-2.300231745489933,0.0455729513072977
5221.945243969298,54.89981606234538,112.96416133415588,0.0,39.38431512956478,-1.0,11.0,-1.978299319968892,-0.6225209222071787
5236.865087523496,55.12114880786134,107.77817289806008,0.0,5.158101551946846,-1.0,2.0,-0.5523974108641894,-1.140164140671661
5251.784931077694,55.36220753564226,103.3834154017376,0.0,7.0588235294117645,-1.0,2.0,-0.4786122765618008,-1.783131860697606
5266.704774631892,55.60506000372551,98.68533142029028,0.0,5.88235294117647,-1.0,2.0,-0.413581558456182,-1.6294547476222148
5281.62461818609,55.86699113296908,95.1749606957422,100.0,0.0,-1.0,2.0,-0.0826160473025235,-1.889158675111922
5296.544461740288,56.13644176956138,99.27653440123947,100.0,0.0,-1.0,2.0,0.7119334603369469,-1.4577573628382547
5311.464305294486,56.39986469265075,104.46517976020452,100.0,0.0,0.0078740157480314,2.0,0.7309476574970276,-1.5124036594363397
5326.384148848684,56.584632802026746,108.27888782063918,100.0,0.0,-0.0535626089276488,11.0,0.7348562382795596,-0.8172180002100454
5341.303992402882,56.75795287770652,110.59858732903882,100.0,0.0,-0.905511811023622,3.0,0.6201219740328233,-1.7378982778449192
5356.22383595708,56.964124231054384,114.70606624509342,100.0,0.0,-0.984251968503937,3.0,0.6039855296550459,-1.0736699073774982
5371.143679511278,57.08452380250746,117.71169513888272,100.0,0.0,0.0,3.0,0.7131376181096072,-0.6720853200976875
5386.063523065476,57.26383261430089,121.39312846535356,100.0,0.0,0.0,3.0,0.5528417430647077,-0.3144657707746841
5400.983366619674,57.46135264359995,126.1645184359854,100.0,0.0,-0.1968503937007874,3.0,0.6436853526458963,-0.3048205966991492
5415.903210173872,57.64926813607296,130.3166323516623,100.0,0.0,-0.1968503937007874,3.0,0.6205762976573453,-0.3949510746254203
5430.82305372807,57.83424813946923,134.08950747441148,100.0,0.0,-0.8188976377952756,3.0,0.5692019757942347,-0.9493694540644512
5445.742897282268,58.01011935418888,137.67446635788983,100.0,0.0,-0.2826321690040937,3.0,0.5969519163992281,-1.0985058945700723
5460.662740836466,58.17891907388427,141.13913695862632,100.0,0.0,-0.5511811023622047,3.0,0.5907363467468179,-1.0369009948276915
5475.582584390664,58.31389108530573,143.7036171480318,100.0,0.0,-0.6850393700787402,3.0,0.5697028132092615,-1.16966729108015
5490.502427944862,58.475607304588216,146.73400482225276,100.0,0.0,-0.6160562989146592,3.0,0.5544289980720122,-1.376047270144553
5505.42227149906,58.63028940296549,149.75730046072155,100.0,0.0,-0.2305680689435356,3.0,0.5697115511718613,-1.0369807704663383
5520.342115053258,58.7975079319164,153.01766302978783,100.0,0.0,-0.0078740157480314,3.0,0.5781540583238363,-0.9119335314646188
5535.261958607456,58.976121860795374,155.4182896885329,100.0,0.0,0.0314960629921259,4.0,0.405619955380845,-0.0297916012046879
5550.181802161654,59.152110000001954,158.2935308757462,100.0,0.0,0.2598425196850393,4.0,0.4635070030227975,0.3759503293939944
5565.101645715852,59.25270237551725,159.73063996791657,100.0,0.0,0.264593954664618,4.0,0.4110585642513315,0.4627955119180033
5580.02148927005,59.3803702911819,161.67869848622612,100.0,0.0,0.2677165354330709,4.0,0.4485795746250548,0.4722310379066014
5594.941332824248,59.495788750250334,163.66802664516894,100.0,0.0,0.2677165354330709,4.0,0.4690982532783271,0.7944918689739843
5609.861176378446,59.62709781380548,165.75751713312565,100.0,0.0,0.2677165354330709,4.0,0.4526113420982713,0.8012306684234907
5624.781019932644,59.76951970199992,167.82089653815038,100.0,0.0,0.2677165354330709,4.0,0.4114446025851448,0.7156330353723138
5639.700863486842,59.913289668766325,170.1145143947407,100.0,0.0,0.2677165354330709,4.0,0.4979163313608233,1.1331177045969614
5654.62070704104,60.03754793767314,172.00382214878445,100.0,0.0,0.0157480314960629,4.0,0.4457348177299879,0.7992719927343291
5669.540550595238,60.17811141185452,174.19539782793146,100.0,0.0,0.0,4.0,0.4407119952899899,0.4133551691086404
5684.460394149436,60.31685585029952,176.35320130685298,100.0,0.0,0.0,4.0,0.4426283653995043,0.0862709518758212
5699.380237703634,60.45370197821105,178.4288935463615,100.0,0.0,0.0,4.0,0.426365457012929,0.0121669248602531
5714.300081257832,60.5892279290607,180.51382645263385,100.0,0.0,0.0078740157480314,4.0,0.4299108241867662,0.0105971472555398
5729.21992481203,60.72322401818048,182.5324448027349,100.0,0.0,0.0157480314960629,4.0,0.4206329264042734,0.0453837406856132
5744.139768366228,60.85568833778071,184.5058557406248,100.0,0.0,0.0157480314960629,4.0,0.4226465926507707,0.0390786095621884
5759.059611920426,60.98679683352575,186.4750934371228,100.0,0.0,0.0157480314960629,4.0,0.4204749120088286,0.0742828327678224
5773.979455474624,61.116555163952754,188.3753491232,100.0,0.0,0.0157480314960629,4.0,0.4191892873650695,0.0553735975475809
5788.899299028822,61.24502646272222,190.2575197339126,100.0,0.0,0.0157480314960629,4.0,0.4194729023465205,0.0477769547868944
5803.81914258302,61.37221351484559,192.10455338982848,100.0,0.0,0.0157480314960629,4.0,0.4155889608739374,0.0547935813603552
5818.738986137218,61.4981727106429,193.9424314339568,100.0,0.0,0.0157480314960629,4.0,0.4058135658949617,0.088484111320559
5833.658829691416,61.62290438479106,195.7144646287184,100.0,0.0,0.0157480314960629,4.0,0.4069335259032542,0.0654186521628038
5848.578673245614,61.74656845029402,197.4518548400087,100.0,0.0,0.0157480314960629,4.0,0.4003227551288686,0.061259004646535
5863.498516799812,61.8691472068935,199.18708884607628,100.0,0.0,0.0157480314960629,4.0,0.3970869835724824,0.0744594530717955
5878.41836035401,61.99065933260692,200.8539313811844,100.0,0.0,0.0157480314960629,4.0,0.3851510480855506,0.086578639438008
5893.338203908208,62.111171863481104,202.49791093444435,100.0,0.0,0.0157480314960629,4.0,0.3902750336937023,0.0642601950742627
5908.258047462406,62.23070576065562,204.0797441645821,100.0,0.0,0.0157480314960629,4.0,0.3867404572780733,0.0418052408333941
5923.177891016604,62.34930135061639,205.67554201734464,100.0,0.0,0.0472440944881889,4.0,0.3836826303026666,0.1031390937216793
5938.097734570802,62.46698837005561,207.0110780425668,100.0,0.0,0.0708661417322834,11.0,0.3264283254615079,0.2130323060338985
5953.017578125,62.58416627766775,207.93724238101112,100.0,0.0,0.1023622047244094,5.0,0.2693345224192551,0.2704017297764053
