distance_m,reference_elapsed_time_s,comparison_elapsed_time_s,delta_time_s,smoothed_delta_time_s,region_classification,reference_speed_kph,comparison_speed_kph,reference_throttle_pct,comparison_throttle_pct,reference_brake_pct,comparison_brake_pct,reference_steer_normalized,comparison_steer_normalized
0.0,0.0,0.0,0.0,-0.0010672602463155,NEUTRAL,196.01993408203128,199.5652359008789,100.0,100.0,0.0,0.0,-0.0078740157480314,0.2913385826771653
14.919843554197994,0.1236086506726221,0.121474130179991,-0.0021345204926311,-0.0021099263485293,GAIN,197.78826917179555,201.24297631443108,100.0,100.0,0.0,0.0,0.0,0.0198362544299663
29.83968710839599,0.2458926078523247,0.2416973492993679,-0.0041952585529567,-0.0041700421446231,GAIN,199.4660093957439,202.84431009601863,100.0,100.0,0.0,0.0,0.0078740157480314,0.0
44.75953066259398,0.3671577544042929,0.3609774070160114,-0.0061803473882814,-0.0061549238564489,GAIN,201.1578221001923,204.46632032748653,100.0,100.0,0.0,0.0,0.0078740157480314,0.0
59.67937421679198,0.487414491977188,0.4793253263490795,-0.0080891656281085,-0.008028151625666,GAIN,202.76666824726104,206.00498785274493,100.0,100.0,0.0,0.0,0.0078740157480314,0.0
74.59921777098997,0.6067361712000838,0.5969212293394758,-0.009814941860608,-0.0096952010707295,GAIN,204.3744188941141,206.9156979511905,100.0,100.0,0.0,0.0,0.0078740157480314,-0.0069877107964092
89.51906132518796,0.7251196882778256,0.7139381925543536,-0.0111814957234719,-0.0111519173320396,NEUTRAL,205.94858226274192,208.2296220730203,100.0,100.0,0.0,0.0,0.0293626399770203,-0.0078740157480314
104.43890487938596,0.8427202713354058,0.8302609569233668,-0.012459314412039,-0.0125288930313756,NEUTRAL,206.9458095511713,209.52545794736932,100.0,100.0,0.0,0.0,0.049236957476855,0.0
119.35874843358395,0.9597735920451116,0.9458277230864957,-0.0139458689586159,-0.01392619131757,NEUTRAL,208.18401476797527,210.8257729533753,100.0,100.0,0.0,0.0,0.0629921259842519,0.0
134.27859198778194,1.076075825021647,1.0607024344395917,-0.0153733905820552,-0.0153724624357236,NEUTRAL,209.47766037083912,212.0870991360252,100.0,100.0,0.0,0.0,0.0629921259842519,0.0061825415876675
149.19843554197993,1.191644027672105,1.174845899905605,-0.0167981277664999,-0.016789533448221,NEUTRAL,210.780245846133,213.36700508891064,100.0,100.0,0.0,0.0,0.0708661417322834,0.0078740157480314
164.11827909617793,1.306556090543027,1.2883590085469188,-0.0181970819961081,-0.0181876937669026,NEUTRAL,212.04907427521505,214.6133106071006,100.0,100.0,0.0,0.0,0.0708661417322834,0.0157480314960629
179.03812265037593,1.4207876738957357,1.4012198023576357,-0.0195678715381,-0.0195816850216256,NEUTRAL,213.3061919416362,215.84471465467345,100.0,100.0,0.0,0.0,0.0663342046364383,0.0157480314960629
193.95796620457392,1.534492858600075,1.5135127570694062,-0.0209801015306687,-0.020964512582445,NEUTRAL,214.52814898240447,217.0477648305209,100.0,100.0,0.0,0.0,0.0551181102362204,0.0157480314960629
208.87780975877192,1.6474476144374095,1.625102049758843,-0.0223455646785664,-0.0223459854356648,NEUTRAL,215.7890130478808,218.27667341003848,100.0,100.0,0.0,0.0,0.0472440944881889,0.0157480314960629
223.7976533129699,1.7598036412011548,1.7360913511033955,-0.0237122900977593,-0.0237006115453512,NEUTRAL,216.9687359201217,219.4448428568412,100.0,100.0,0.0,0.0,0.0393700787401574,0.0157480314960629
238.7174968671679,1.8714609724954387,1.8464169926357108,-0.0250439798597279,-0.0250396904213482,NEUTRAL,218.2064374854532,220.63567110308563,100.0,100.0,0.0,0.0,0.0387361744112024,0.0157480314960629
253.6373404213659,1.982594514444613,1.956231713138056,-0.0263628013065575,-0.0263570756928976,NEUTRAL,219.36447135897023,221.7790482866727,100.0,100.0,0.0,0.0,0.0157480314960629,0.0157480314960629
268.5571839755639,2.0931480365690747,2.065483590656667,-0.0276644459124075,-0.0274908376700003,NEUTRAL,220.55917069867365,222.7583751777832,100.0,0.0,0.0,0.0,0.0,0.0157480314960629
283.47702752976187,2.2030327303405204,2.1745874645494845,-0.0284452657910359,-0.0278706933495816,NEUTRAL,221.7411375686089,221.74432993359608,100.0,0.0,0.0,18.823529411764707,-0.0157480314960629,0.0157480314960629
298.39687108395987,2.3124199012451774,2.284917532899876,-0.0275023683453015,-0.0267458479178147,LOSS,222.8707676125386,218.57680308915863,100.0,0.0,0.2308653264856677,22.28285369281183,-0.0509587909948513,0.0157480314960629
313.31671463815786,2.421275343351291,2.396985433734184,-0.0242899096171069,-0.0234756829586949,LOSS,223.79082190615924,214.8741231918424,100.0,0.0,3.92156862745098,26.666666666666668,-0.1259842519685039,0.0157480314960629
328.23655819235586,2.529879789468124,2.5112450185544475,-0.0186347709136764,-0.0178864871986606,LOSS,223.65521788324872,210.3667086959406,2.4485754278380263,0.0,9.358726036293264,32.94117647058823,-0.1908910834254479,0.0157480314960629
343.15640174655385,2.6388275193438275,2.628092738278629,-0.0107347810651985,-0.0099657984106936,LOSS,222.33167029805205,205.43842108549083,0.0,0.0,8.33829006024206,34.509803921568626,-0.2216620063994404,0.0157480314960629
358.07624530075185,2.748362001598995,2.747834158345789,-0.0005278432532058,-0.0001899170872294,LOSS,220.6019817156999,200.3974008354264,0.0,0.0,19.607843137254903,32.93092369275684,-0.2362204724409448,0.0157480314960629
372.99608885494985,2.859525700019616,2.870218573076332,0.0106928730567159,0.0101303233787676,LOSS,215.7640416209638,197.0291132050908,0.0,0.0,39.04114663610514,9.32292141206398,-0.2440944881889764,0.0157480314960629
387.91593240914784,2.9736308943482888,2.9938568346810817,0.0202259403327929,0.0195465300614605,LOSS,210.17942299536875,195.7941819375792,0.0,0.0,37.42480023096287,8.627450980392156,-0.2432416523839462,0.0157480314960629
402.8357759633458,3.090791494339748,3.118512271134621,0.0277207767948728,0.0270729904477728,LOSS,204.70426869961312,193.8449347492963,0.0,0.0,41.17647058823529,9.803921568627452,-0.2755905511811024,0.0
417.75561951754383,3.211671372575585,3.2449436267912377,0.0332722542156527,0.0329630446974995,LOSS,198.4179458845176,190.0786166908708,0.0,0.0,41.96078431372549,26.27450980392157,-0.3385826771653543,-0.0236220472440944
432.6754630717418,3.336354373439683,3.3742504765216563,0.0378961030819731,0.0382343361411501,LOSS,194.82341639298005,185.7190089917765,0.0,0.0,0.1047468350521727,27.450980392156865,-0.0915216036894521,-0.2519685039370078
447.5953066259398,3.462795544217624,3.5063301953434483,0.0435346511258245,0.0441271089069005,LOSS,193.29905593415995,180.9559130682452,0.0,0.0,6.614650436833723,31.37254901960784,-0.0291331153035868,-0.7165354330708661
462.5151501801378,3.59184068224544,3.642791254758344,0.050950572512904,0.051858285953714,LOSS,191.50098320974777,175.29078220064451,0.0,0.0,0.0,38.43137254901961,-0.0107583791421803,-0.84251968503937
477.4349937343358,3.7234636082586334,3.784553242481047,0.0610896342224136,0.0624110709299984,LOSS,189.7133249284373,168.56119163232435,0.0,0.0,2.813866694586808,41.96078431372549,-0.0033234645999056,-0.9212598425196852
492.3548372885338,3.858118948914395,3.933311954969073,0.0751930060546777,0.0763371409553072,LOSS,187.99068754010844,161.21072836268982,0.0,0.0,16.58770759263709,41.96078431372549,0.0350558732677048,-0.968503937007874
507.2746808427318,3.996595120526764,4.089323903115594,0.0927287825888303,0.09304882025955,LOSS,182.86998646541247,155.8083214627951,0.0,0.0,30.38225599797597,0.0,-0.0747232161341104,-1.0
522.1945243969298,4.139466779510648,4.25069145164579,0.1112246721351422,0.1137427241508296,LOSS,179.78204128713085,153.04344695622405,0.0,0.0,0.0,0.0,-0.1889763779527559,-1.0
537.1143679511277,4.280490096644603,4.417764814373119,0.1372747177285163,0.1407581113935737,LOSS,178.90042574350363,150.248466739026,0.0,0.0,0.0,0.0,-0.3149606299212598,-1.0
552.0342115053257,4.411733197978671,4.585508142295733,0.1737749443170626,0.1723094499603986,LOSS,178.6197695146358,147.6519571154696,100.0,0.0,0.0,0.0,-0.3858267716535433,-1.0
566.9540550595237,4.552842129543425,4.758720817379042,0.2058786878356171,0.2074647816384054,LOSS,179.89676879817526,144.51674489575274,21.5686274509804,0.0,0.0,0.0,-0.889763779527559,-1.0
581.8738986137217,4.654144213383655,4.896884926146192,0.2427407127625365,0.2530674007884054,LOSS,180.0872042848219,141.38862130778696,0.0,0.0,0.0,0.0,-0.9233695393257676,-1.0
596.7937421679197,4.745655634985038,5.056238436752101,0.3105828017670626,0.3022450745585076,LOSS,179.34830683150795,138.1872498268393,0.0,0.0,0.0,0.0,-0.9921259842519684,-1.0
611.7135857221177,4.880960337978707,5.234372047124631,0.3534117091459237,0.351004201791094,LOSS,177.86424226085234,134.29912302392816,0.0,0.0,0.0,0.0,-1.0,-1.0
626.6334292763157,4.962642236528873,5.351660330989168,0.3890180944602956,0.4003215686152425,LOSS,176.92574289461862,131.89887355594848,0.0,0.0,0.0,0.0,-1.0,-1.0
641.5532728305137,5.0814517216364745,5.539986623875983,0.4585349022395082,0.4515629000332382,LOSS,175.51656108592118,128.12075810659002,0.0,100.0,0.0,0.0,-1.0,-1.0
656.4731163847117,5.223415202759924,5.730550906159834,0.5071357033999107,0.5074323709729928,LOSS,173.7309599240799,126.98411575063628,0.0,100.0,0.0,0.0,-1.0,-1.0
671.3929599389097,5.315897667874668,5.872524175154227,0.5566265072795593,0.5528270276854634,LOSS,172.52549750694254,127.3562920434735,0.0,100.0,0.0,0.0,-1.0,-1.0
686.3128034931077,5.477053048000618,6.071771920377539,0.5947188723769203,0.593729342582253,LOSS,170.45932069895352,128.3419860010223,0.0,100.0,0.0,0.0,-1.0,-1.0
701.2326470473057,5.635170313442037,6.2650129615323165,0.6298426480902792,0.626429746165309,LOSS,168.4795990883583,129.6471872039467,0.0,100.0,0.0,0.0,-1.0,0.0
716.1524906015037,5.80115998523504,6.455887703263768,0.6547277180287274,0.6548763274915806,LOSS,166.59407649815188,131.6377840672866,0.0,100.0,0.0,0.0,-1.0,-0.952755905511811
731.0723341557017,5.962981492980257,6.643040109335992,0.6800586163557352,0.6794940690703672,LOSS,164.71377822469373,133.45503720099092,100.0,100.0,0.0,0.0,-1.0,0.0
745.9921777098997,6.121332782884205,6.825028655710844,0.7036958728266391,0.7035742283167353,LOSS,164.8634937236944,135.51512245823793,100.0,100.0,0.0,0.0,-1.0,-0.0040939048589405
760.9120212640977,6.276620299479104,7.003588495246936,0.7269681957678316,0.7254654469563242,LOSS,166.60045217768004,137.66697709679403,100.0,100.0,0.0,0.0,-1.0,-0.0157480314960629
775.8318648182957,6.432751473345487,7.178483745619989,0.7457322722745019,0.7389167995128142,LOSS,143.90856389382049,140.27743920112914,100.0,100.0,0.0,0.0,-0.2351163433151456,0.2283464566929134
790.7517083724937,6.605737615080147,7.349787545576256,0.744049930496109,0.7429483933445775,NEUTRAL,139.32588432090483,143.86567219256915,100.0,100.0,0.0,0.0,0.0,0.4073607097078892
805.6715519266917,6.778140022543528,7.51720299980665,0.7390629772631216,0.7379308384253713,GAIN,140.152279210965,147.2825281283555,100.0,100.0,0.0,0.0,0.0,0.1102362204724409
820.5913954808897,6.9502242771179015,7.680903884634785,0.7306796075168833,0.7305164910859739,GAIN,142.60685410757816,150.48457336352325,100.0,100.0,0.0,0.0,0.0,0.1575066045262142
835.5112390350877,7.1190696955343205,7.840876584012237,0.721806888477917,0.7217324890312163,GAIN,145.5923453567563,153.5547645382241,100.0,100.0,0.0,0.0,0.0,0.274361928357273
850.4310825892857,7.285810514913529,7.998521486012378,0.7127109710988488,0.7132849575593653,GAIN,148.4100431618364,155.3770897641686,100.0,100.0,0.0,0.0,-0.2679783998061342,0.3149606299212598
865.3509261434837,7.448313958173873,8.153650971275203,0.7053370131013299,0.7055436387081334,GAIN,151.1150586255131,157.82530207476634,100.0,100.0,0.0,0.0,0.0,0.3254617300278009
880.2707696976817,7.608013262217417,8.306596194141639,0.6985829319242214,0.6990414916673705,GAIN,153.76122306626937,160.18389868489407,100.0,100.0,0.0,0.0,0.0,0.3307086614173228
895.1906132518797,7.764331659490606,8.457536189467167,0.6932045299765601,0.6933642664433505,GAIN,156.35864432200066,162.47784965362325,100.0,100.0,0.0,0.0,0.0183816297187529,0.3307086614173228
910.1104568060777,7.91881240382712,8.60711774125639,0.68830533742927,0.687057946234809,GAIN,158.87618405234673,164.73537268981397,100.0,100.0,0.0,0.0,0.2519685039370078,0.3385826771653543
925.0303003602756,8.075786243886743,8.75545021518534,0.6796639712985968,0.675641656363848,GAIN,148.59370579150433,166.95735246214502,0.0,100.0,99.97691735525854,0.0,0.3307138983712879,0.2598425196850393
939.9501439144736,8.243236771755068,8.902192432118746,0.6589556603636773,0.6544061340099242,GAIN,139.95714274997175,169.2398053550435,0.0,100.0,75.29411764705883,0.0,0.4094488188976378,-0.0236220472440944
954.8699874686716,8.42333786096433,9.047936631331828,0.6245987703674984,0.6248235202139316,GAIN,132.55066584650726,169.71215326845692,0.0,25.49019607843137,0.9174569470857428,48.23529411764706,0.5917418264750267,0.2204724409448819
969.7898310228696,8.60794469481785,9.198860824728468,0.5909161299106191,0.5977100431987434,GAIN,131.1307502048683,159.51731774511128,24.14124976879364,0.0,0.0,85.09803921568627,0.7542387338148632,0.3858267716535433
984.7096745770676,8.747639704022065,9.325254933340178,0.5776152293181127,0.5773465974522303,GAIN,131.5001327661789,149.8703102651169,100.0,0.0,0.0,51.76470588235295,0.7874015748031497,0.4881889763779528
999.6295181312656,8.930098332633365,9.493606765761324,0.563508433127959,0.5675092652270409,GAIN,134.6840543651274,141.54978664655164,100.0,0.0,0.0,24.55577664660037,0.8078802239700653,0.5392675149179083
1014.5493616854636,9.109209662188338,9.670613795423389,0.561404133235051,0.5643006685465709,NEUTRAL,137.96070695457982,136.77355848605615,100.0,0.0,0.0,10.980392156862743,0.8110236220472441,0.5590551181102362
1029.4692052396615,9.202455634073427,9.77044507335013,0.5679894392767029,0.5680569839524067,LOSS,139.56379523351754,135.9432946660178,100.0,0.0,0.0,0.0,0.8170259206500863,0.5590551181102362
1044.3890487938595,9.374438564757982,9.949215944103448,0.5747773793454662,0.5757543933282729,LOSS,142.5374136118531,135.5034158295992,100.0,100.0,0.0,0.0,0.8188976377952756,0.5669291338582677
1059.3088923480575,9.542895336911862,10.127391698274511,0.5844963613626497,0.5821534489478442,LOSS,145.12534087552532,137.73012388698731,100.0,100.0,0.0,0.0,0.8188976377952756,0.5669291338582677
1074.2287359022555,9.636454660616062,10.223641266751478,0.5871866061354165,0.5890824648591936,LOSS,146.16179085198775,138.90158856934718,100.0,100.0,0.0,0.0,0.8188976377952756,0.5697898248340223
1089.1485794564535,9.80177377419841,10.397338201277924,0.5955644270795144,0.5956907334731069,LOSS,149.21942936304347,140.85318227563533,100.0,100.0,0.0,0.0,0.8188976377952756,0.5748031496062992
1104.0684230106517,9.96356222597366,10.56788339317805,0.6043211672043896,0.6004096232579,LOSS,150.71834643045395,143.78785873202068,100.0,100.0,0.0,0.0,0.8267716535433071,0.5748031496062992
1118.9882665648497,10.06534412949355,10.666687404983346,0.6013432754897963,0.6042805747046938,LOSS,152.03089401765132,145.11407780480283,100.0,100.0,0.0,0.0,0.7885098466188051,0.5748031496062992
1133.9081101190477,10.227520995798152,10.834698277218047,0.6071772814198955,0.607148690945141,LOSS,154.23930367261195,147.58872349970605,100.0,100.0,0.0,0.0,0.7480314960629921,0.5669291338582677
1148.8279536732457,10.3856249588666,10.998550474792331,0.6129255159257312,0.6092992765231777,LOSS,156.38263152177177,149.99856505372196,100.0,100.0,0.0,0.0,0.7305721449788001,0.5262304892835604
1163.7477972274437,10.51618893147309,11.123983963696997,0.6077950322239065,0.6110525113048256,LOSS,158.17232638627152,151.90297862229298,100.0,100.0,0.0,0.0,0.7165354330708661,0.4746801420554817
1178.6676407816417,10.673553147828544,11.285990133593383,0.6124369857648393,0.6124288278840838,LOSS,160.293591527543,154.3861332596112,100.0,100.0,0.0,0.0,0.702004402910211,0.3779527559055118
1193.5874843358397,10.826980328127206,11.444034793790712,0.6170544656635055,0.6167984837216812,LOSS,162.32781948436937,156.7936069645311,100.0,100.0,0.0,0.0,0.6692913385826772,0.3543307086614173
1208.5073278900377,10.97701049089959,11.597914490636288,0.620903999736699,0.6210390630993375,LOSS,164.2165104364842,159.15019398355426,100.0,100.0,0.0,0.0,0.5826771653543307,0.3342913059692757
1223.4271714442357,11.1248266494843,11.749985373382108,0.6251587238978082,0.6251109714183674,LOSS,166.41683628850234,161.45970659407328,100.0,100.0,0.0,0.0,0.4521367309900834,0.3133545652371754
1238.3470149984337,11.270263844551916,11.899534035172511,0.6292701906205949,0.6292086586895179,LOSS,168.40285927957538,163.7456834806045,100.0,100.0,0.0,0.0,0.2541822444052747,0.2355614684356734
1253.2668585526314,11.4136111660166,12.046808227566752,0.6331970615501508,0.6331077120000662,LOSS,170.4784433633501,166.03593920373655,100.0,100.0,0.0,0.0,0.1181102362204724,0.1182695742886966
1268.1867021068294,11.555234121000105,12.192090004829558,0.6368558838294529,0.6368215042593549,LOSS,172.66697802157168,168.32308570637747,100.0,100.0,0.0,0.0,0.0472440944881889,0.0472440944881889
1283.1065456610274,11.695035271207788,12.335446838606249,0.640411567398461,0.6403004278397196,LOSS,174.8902787177394,170.5983704119218,100.0,100.0,0.0,0.0,0.0078740157480314,0.0236220472440944
1298.0263892152254,11.833355780238866,12.476989612530112,0.6436338322912452,0.6435036756951972,LOSS,176.4221489682863,172.793425930444,100.0,100.0,0.0,0.0,0.0,0.0078740157480314
1312.9462327694234,11.970275768591089,12.616741395986974,0.6464656273958855,0.6464225826116472,LOSS,178.55789526753142,174.97960532073398,100.0,100.0,0.0,0.0,-0.0078740157480314,0.0078740157480314
1327.8660763236214,12.105596412516912,12.754764700664722,0.6491682881478109,0.6491489413629831,LOSS,180.6027708447295,177.09596590509918,100.0,100.0,0.0,0.0,-0.0078740157480314,0.0112026284362023
1342.7859198778194,12.239377324276036,12.89119023282129,0.6518129085452529,0.6517779480196388,LOSS,182.6380048095608,179.17845927825584,100.0,100.0,0.0,0.0,0.0,0.0692685071379407
1357.7057634320174,12.37170773788655,13.026060385252404,0.6543526473658527,0.6543465824318583,LOSS,184.62303700739528,181.2337981770061,100.0,100.0,0.0,0.0,0.0236220472440944,0.1524742614072646
1372.6256069862154,12.502637747463618,13.159511938848087,0.6568741913844693,0.6568783571892839,LOSS,186.56289008431912,183.19091668271835,100.0,100.0,0.0,0.0,0.0472440944881889,0.2022061244097955
1387.5454505404134,12.63224239837479,13.29165063119232,0.6594082328175297,0.6594591115850493,LOSS,188.4747543525768,185.1248321508234,100.0,100.0,0.0,0.0,0.0629921259842519,0.2165441501892024
1402.4652940946114,12.760555170022302,13.422650080575451,0.6620949105531491,0.6625511905206908,LOSS,190.3497628227969,186.71217325478685,100.0,92.22392212590384,0.0,6.279678891077582,0.0708661417322834,0.1521575701738693
1417.3851376488094,12.887736019628353,13.553886447819746,0.6661504281913935,0.6667827475600152,LOSS,191.4779847612749,184.8454063490529,100.0,0.0,19.607843137254903,23.137254901960784,0.0708661417322834,0.1181102362204724
1432.3049812030074,13.015598573735568,13.687701477671071,0.6721029039355031,0.6723152866771702,LOSS,188.2537461197153,180.40986226500044,0.0,0.0,39.21568627450981,29.675142089639262,0.0708661417322834,0.0839700302024403
1447.2248247572054,13.14685984760025,13.825552375504865,0.6786925279046141,0.6786279411975323,LOSS,182.1508220686515,174.831381394434,0.0,0.0,41.96078431372549,33.13483461191076,0.0708661417322834,-0.0014387332995501
1462.1446683114034,13.283219512125209,13.968307903877689,0.6850883917524797,0.6837840929345903,LOSS,173.97399441430002,168.54447215958203,0.0,0.0,85.49019607843137,38.21945376532789,0.0708661417322834,-0.1283968876723679
1477.0645118656014,13.429258926980326,14.116830286127003,0.687571359146677,0.6854228483103952,GAIN,159.95710722713886,161.222964624265,0.0,0.0,83.9358434833121,43.13725490196079,0.0708661417322834,-0.2204724409448819
1491.9843554197994,13.588747555322277,14.272356349354306,0.683608794032029,0.6806885315781859,GAIN,146.11058835182607,153.28776258800428,0.0,0.0,81.56862745098039,43.13725490196079,0.0393700787401574,-0.3700787401574803
1506.9041989739974,13.765001274748128,14.43588671630398,0.6708854415558516,0.6676800119667679,GAIN,131.16175373621107,145.22246695410516,0.0,0.0,70.44264384449126,40.32302398676755,-0.3383351410222627,-0.5553454055214819
1521.8240425281954,13.959245218633765,14.607791018946187,0.6485458003124229,0.6458169529178015,GAIN,122.0158767619212,138.47923527606932,0.0,0.0,27.3497469163092,13.333333333333334,-0.3724805297170667,-0.6299212598425197
1536.7438860823934,14.166555917650424,14.784575534535554,0.61801961688513,0.6183571280221596,GAIN,114.78834415172128,136.86984199853754,0.0,0.0,0.0,0.0,-0.3779527559055118,-0.6692913385826772
1551.6637296365914,14.38094774159237,14.969453708461296,0.5885059668689259,0.5911670511106161,GAIN,111.68613723237632,126.86921420838392,0.0,0.0,0.7983553879015783,26.03735741109182,-0.4233648537780436,-0.5926669233258866
1566.5835731907894,14.600710450002907,15.1676860195807,0.5669755695777923,0.568655961418783,GAIN,110.2156968949918,123.02216014248545,0.0,0.0,3.1372549019607843,6.624441347099308,-0.4094488188976378,-0.5153379024308908
1581.5034167449874,14.825321593310193,15.375807941119824,0.5504863478096311,0.5540503299694178,GAIN,108.9824807867124,120.58917146877968,10.196078431372548,0.0,0.0,1.478387646457006,-0.2283464566929134,-0.4803149606299212
1596.4232602991854,15.053008545635798,15.597697618156628,0.5446890725208302,0.5492607049295598,NEUTRAL,110.2400664195234,118.14891026283846,0.0,0.0,0.0,0.0,-0.659914816859448,-0.4676170052311569
1611.3431038533834,15.283557172158684,15.836163866616902,0.552606694458218,0.5551555213761219,LOSS,109.39683034286152,116.13538066593024,0.1185468134870042,0.0,0.0,0.0,-0.9048551846334144,0.2992125984251969
1626.2629474075814,15.525832390701886,16.094003187851204,0.5681707971493175,0.5644829758465312,LOSS,107.61241043916952,108.04663019748452,0.0,0.0,0.0,32.549019607843135,-1.0,-0.5039370078740157
1641.1827909617791,15.762969282025018,16.335640717957077,0.5726714359320582,0.5799293968928687,LOSS,105.25680108693574,98.70128212543028,0.0,0.0,0.0,24.8437826320745,-1.0,-0.8440772103749083
1656.1026345159771,15.972052479016728,16.57099843661396,0.5989459575972305,0.5793571404034997,GAIN,103.21621379990496,95.30326623416272,0.0,0.0,0.0,0.0,-1.0,-1.0
1671.022478070175,16.07898751527393,16.64544154295514,0.5664540276812104,0.5676949720545915,GAIN,102.21951013900356,94.7694654110212,0.0,0.0,0.0,0.0,-1.0,-1.0
1685.942321624373,16.285511587104867,16.8231965179902,0.5376849308853338,0.5375850747832432,GAIN,100.36444252372786,93.27866904160229,74.90645350360784,0.0,0.0,0.0,-1.0,-0.3464566929133858
1700.862165178571,16.347148207475488,16.855764473258674,0.5086162657831856,0.5055270052091588,GAIN,100.08674829687392,92.98321550938992,21.176470588235293,0.0,0.0,0.0,-1.0,-0.3109111361080049
1715.782008732769,16.536097257989955,17.00637707694891,0.4702798189589572,0.4840413583829874,GAIN,99.07509132237676,92.48168120770086,37.25490196078432,91.86568012514095,0.0,0.0,-1.0,-0.6158793392427669
1730.701852286967,16.760416929785755,17.233644920192575,0.4732279904068193,0.472619826183088,GAIN,98.61845622057515,96.03458166794248,85.16539381147062,100.0,0.0,0.0,-1.0,-1.0
1745.621695841165,17.025852903455668,17.500204572639156,0.4743516691834877,0.474520242180759,LOSS,102.50774083845208,101.88437674924002,100.0,100.0,0.0,0.0,-1.0,0.0
1760.541539395363,17.283419847798704,17.759400914750675,0.4759810669519702,0.4789381793373965,LOSS,106.81190755629234,107.8067315472637,89.80392156862746,100.0,0.0,0.0,-1.0,-1.0
1775.4613829495613,17.522191216705345,18.008673018582076,0.4864818018767316,0.4848978262982868,LOSS,110.4138338569315,112.86142787107651,100.0,100.0,0.0,0.0,-1.0,-1.0
1790.3812265037593,17.74321565228823,18.23544626235439,0.4922306100661586,0.4911776972465619,LOSS,114.81036517974246,117.27026801022102,100.0,100.0,0.0,0.0,-0.1653543307086614,-0.087186182513169
1805.3010700579573,17.95256735983815,18.447388039634944,0.4948206797967955,0.4940543006040745,LOSS,119.50817848317894,121.86801158481204,100.0,100.0,0.0,0.0,-0.2440944881889764,-0.2025502672539323
1820.2209136121555,18.15265176181548,18.64776337376475,0.4951116119492695,0.4946513660120277,NEUTRAL,123.9014176400457,126.0698898102925,100.0,100.0,0.0,0.0,-0.3307086614173228,-0.3243583611606161
1835.1407571663533,18.345388973375023,18.83941077966504,0.4940218062900179,0.4938281847824133,NEUTRAL,128.16702783931095,130.26404765448893,100.0,100.0,0.0,0.0,0.0,-0.6344603772651783
1850.0606007205515,18.53186945073577,19.02422058684372,0.4923511361079526,0.4922719212387439,GAIN,132.28021666766332,134.16527711533084,100.0,100.0,0.0,0.0,0.0078740157480314,0.0
1864.9804442747493,18.71283058063758,19.20327340195584,0.4904428213182612,0.4905081954424173,GAIN,136.1634749313628,137.90708283312304,100.0,100.0,0.0,0.0,0.0216672784876567,-0.84251968503937
1879.9002878289475,18.888671562928053,19.37740219182909,0.4887306289010382,0.4887352392553576,GAIN,139.95195802583848,141.39383491313575,100.0,100.0,0.0,0.0,0.0376211733544662,0.0
1894.8201313831453,19.060045289821144,19.54707755736792,0.4870322675467733,0.4870211408086871,GAIN,143.5076514747744,145.13859064656563,100.0,100.0,0.0,0.0,0.0,-0.1653543307086614
1909.7399749373435,19.227274667376587,19.71257519335484,0.4853005259782499,0.4853321255761227,GAIN,146.9990585203504,148.5202121238184,100.0,100.0,0.0,0.0,0.0,-0.0928732149024968
1924.6598184915413,19.39070634283708,19.874369926040423,0.4836635832033451,0.4837442226439634,NEUTRAL,150.31745468565157,151.75568580866695,100.0,100.0,0.0,0.0,0.0,-0.0516426970861646
1939.5796620457395,19.550674031364306,20.0329425901146,0.4822685587502953,0.4824278133446699,NEUTRAL,153.45338483435202,154.0926386996747,100.0,100.0,0.0,0.0,-0.0314960629921259,-0.0629921259842519
1954.4995055999373,19.70798988013232,20.18934117821269,0.4813512980803693,0.4812789665689531,NEUTRAL,155.46354058793264,156.58971342123812,100.0,100.0,0.0,0.0,-0.0956354462795794,-0.0629921259842519
1969.4193491541355,19.862979435741416,20.34319647861761,0.4802170428761947,0.4802493896351893,NEUTRAL,158.00062399842685,159.1037001858126,100.0,100.0,0.0,0.0,-0.1102362204724409,-0.0424601909541208
1984.3391927083333,20.015513335056703,20.494693163005707,0.4791798279490038,0.4791964264413953,NEUTRAL,160.47471604953907,161.555116877202,100.0,100.0,0.0,0.0,-0.0551181102362204,-0.0078740157480314
1999.259036262532,20.1657139834499,20.64390639194889,0.4781924084989875,0.4782269338560307,NEUTRAL,162.91343922284582,163.97113545839176,100.0,100.0,0.0,0.0,-0.0111954921934862,0.0078740157480314
2014.1788798167288,20.3137916257082,20.7911001908283,0.4773085651201008,0.4773042045063143,NEUTRAL,165.29198812385545,166.31940731767864,100.0,100.0,0.0,0.0,0.0386269326969706,0.0157480314960629
2029.0987233709272,20.459694345419024,20.93610598531888,0.4764116398998546,0.4764304885335105,NEUTRAL,167.613801430369,168.62772821259773,100.0,100.0,0.0,0.0,0.0724181085900078,0.0
2044.0185669251248,20.60362898140643,21.079200241987007,0.4755712605805762,0.4755671639165276,NEUTRAL,169.87355605341858,170.86627226393026,100.0,100.0,0.0,0.0,0.0912463089859815,-0.0078740157480314
2058.938410479323,20.745641671421176,21.220360262690328,0.474718591269152,0.4747325037603633,NEUTRAL,172.0992674271166,173.07748949676318,100.0,100.0,0.0,0.0,0.065611856106557,-0.0078740157480314
2073.858254033521,20.885923051819542,21.359830711250904,0.4739076594313616,0.473921903753375,NEUTRAL,174.28509014611447,175.24921310747922,100.0,100.0,0.0,0.0,0.0482599284820192,-0.0073056410912758
2088.778097587719,21.024496041151867,21.49763550171148,0.4731394605596115,0.4731357976282204,NEUTRAL,176.40792491900768,177.35167028166893,100.0,100.0,0.0,0.0,0.0472440944881889,-0.0015879093719989
2103.697941141917,21.161565004314244,21.633925277207933,0.4723602728936882,0.4723681654418428,NEUTRAL,178.50623377959164,179.43919369423674,100.0,100.0,0.0,0.0,0.0314960629921259,-0.0359960033490604
2118.617784696115,21.29693357014365,21.76853833301588,0.4716047628722286,0.4716157135059085,NEUTRAL,180.5656336672267,181.45637795953115,100.0,100.0,0.0,0.0,0.0,-0.0705413325613599
2133.537628250313,21.430790487984915,21.901672592736723,0.4708821047518086,0.4708755762275558,NEUTRAL,182.5848491707242,183.45819994704163,100.0,100.0,0.0,0.0,-0.0472440944881889,-0.1072300173004677
2148.457471804511,21.5633232950085,22.03346315606713,0.4701398610586302,0.4699779598395324,NEUTRAL,183.59651095843049,184.92461311198403,100.0,20.06780596123627,20.392156862745097,2.771337075253084,-0.1102362204724409,-0.1198811726125136
2163.377315358709,21.696177252314293,22.16508916602245,0.4689119137081583,0.4687441963132031,GAIN,182.01652605770812,184.0068052296167,0.0,0.0,20.7843137254902,7.138309903341013,-0.1417322834645669,-0.0503301514916632
2178.297158912907,21.83078134369101,22.297962157863832,0.4671808141728206,0.4666826020448328,GAIN,178.98359443016116,182.0784073874634,0.0,0.0,17.254901960784313,7.667902836420638,-0.1102362204724409,-0.0142961883651636
2193.217002467105,21.968479300786303,22.432434379039822,0.4639550782535195,0.4627106943665566,GAIN,173.77053629004257,180.0191503456543,0.0,0.0,34.509803921568626,7.089405723779304,-0.1023622047244094,-0.0174330761398023
2208.136846021303,22.110957506741265,22.567953697414595,0.4569961906733297,0.4557337795992128,GAIN,167.34647328664593,178.92246126801152,0.0,0.0,38.03921568627451,6.362623579979728,-0.1023622047244094,-0.0580706593680423
2223.056689575501,22.25923410274273,22.70548417261352,0.4462500698707892,0.4450007597069252,GAIN,160.41221919656095,175.1191814119479,0.0,0.0,38.76740508636824,13.495465724417905,-0.1104240380967991,-0.1430712113858094
2237.976533129699,22.41314116701427,22.844897185590927,0.4317560185766567,0.4314148144848779,GAIN,156.8809047959972,174.1920769779266,0.0,0.0,0.0,0.0,-0.1181102362204724,-0.2554611960054663
2252.896376683897,22.56906425042753,22.98530260543472,0.416238355007188,0.416165209030589,GAIN,155.14677172355945,173.24496698529944,0.0,0.0,0.0,0.0,-0.1259842519685039,-0.319391188085428
2267.816220238095,22.726444669225813,23.126945922733736,0.4005012535079224,0.4006062031015531,GAIN,154.29838120845855,172.26586152890476,0.0,0.0,0.0,0.0,-0.1578639551709121,-0.3464566929133858
2282.736063792293,22.885222865602056,23.270301866391605,0.385079000789549,0.3854055912590013,GAIN,153.4439719973706,171.23191050405396,0.0,0.0,0.0,0.0,-0.2601654424710169,-0.3543307086614173
2297.655907346491,23.04503890054518,23.415675420024712,0.3706365194795324,0.3718445215899789,GAIN,152.5116599868867,167.9419017950751,0.0,0.0,0.0,40.78431372549019,-0.3937007874015748,-0.2519685039370078
2312.575750900689,23.206785959741183,23.56660400424204,0.3598180445008552,0.3603025180960498,GAIN,151.49758936800018,164.212293100807,0.0,0.0,0.0,2.2826220246510807,-0.5059452022250321,-0.1858155383313275
2327.495594454887,23.371131622784528,23.72158461309229,0.3504529903077618,0.3504422637210484,GAIN,150.35003885069844,162.34832062751235,0.0,0.0,0.0,0.0,-0.5590551181102362,-0.1653543307086614
2342.415438009085,23.53898961270974,23.88004536906427,0.3410557563545282,0.3383267918340789,GAIN,149.10627245389662,160.95516771654908,0.0,0.0,0.0,0.0,-0.5964285974642354,-0.1811023622047244
2357.335281563283,23.714994519236583,24.03846614807653,0.3234716288399468,0.3227600610229426,GAIN,147.64313136913697,160.000101850484,0.0,0.0,0.0,0.0,-0.6141732283464567,-0.2312003640746669
2372.255125117481,23.888405036480115,24.192157834354468,0.3037527978743526,0.3072915197082828,GAIN,146.1860327015294,154.5680732446455,0.0,0.0,0.0,26.639289965742627,-0.7345071887869117,-0.3741374496048114
2387.174968671679,24.06419741262834,24.358847545038888,0.294650132410549,0.2891719310187106,GAIN,144.64079310994757,148.7084463894136,0.0,0.0,0.0,29.411764705882355,-0.9370481071259648,-0.905511811023622
2402.094812225877,24.216093037067743,24.485205899838974,0.2691128627712302,0.2762654876286123,GAIN,142.81383067579785,143.7890469064308,0.0,0.0,0.0,30.58823529411765,-1.0,-0.9606299212598424
2417.014655780075,24.37396963494552,24.63900310264958,0.2650334677040575,0.2667582378282027,GAIN,141.4618309711701,139.82362327227344,100.0,0.0,0.0,0.0,-1.0,-1.0
2431.934499334273,24.548362527670896,24.814490910680217,0.2661283830093204,0.2653565663122847,NEUTRAL,142.22210428735707,138.03087769325006,100.0,0.0,0.0,0.0,-1.0,-1.0
2446.854342888471,24.652548836362893,24.91745668458637,0.2649078482234763,0.2650631687532723,LOSS,143.35100283315523,137.06209772241814,100.0,0.0,0.0,0.0,-1.0,-1.0
2461.774186442669,24.79758481916098,25.061738094188,0.2641532750270201,0.2687600991668937,LOSS,145.18964909158302,135.8309013055382,100.0,100.0,0.0,0.0,-1.0,-0.937007874015748
2476.694029996867,24.963060796557965,25.24027997080815,0.2772191742501846,0.2733834484024188,LOSS,147.2919172066745,137.0040601245586,100.0,100.0,0.0,0.0,-1.0,-0.0585951758765527
2491.613873551065,25.08967711938971,25.36845501531976,0.2787778959300517,0.2849550748212894,LOSS,149.0209167407411,138.91315870121815,100.0,100.0,0.0,0.0,-1.0,-1.0
2506.533717105263,25.246782334698818,25.54565048898245,0.2988681542836318,0.2960926170295437,LOSS,151.05208615780353,141.76838553049282,100.0,100.0,0.0,0.0,-0.9740529668119384,0.0
2521.453560659461,25.407331794211743,25.71796359508669,0.3106318008749476,0.3107268643944572,LOSS,153.30058432303412,144.6230779572216,100.0,100.0,0.0,0.0,-0.7952755905511811,-0.4409448818897638
2536.373404213659,25.55986661984125,25.882547257866044,0.3226806380247922,0.3222829510658276,LOSS,155.42838630720067,147.41291542745782,100.0,100.0,0.0,0.0,-0.6299212598425197,0.0
2551.293247767857,25.715233559246187,26.04876997354393,0.3335364142977433,0.3331122294295845,LOSS,157.53846771976072,150.1259649585073,100.0,100.0,0.0,0.0,-0.5109583625095909,-0.7637795275590551
2566.213091322055,25.868375362874566,26.211494998840784,0.3431196359662181,0.3429328947963365,LOSS,159.7416104583122,152.16863602058686,100.0,100.0,0.0,0.0,-0.3779527559055118,0.0
2581.132934876253,26.01962183862832,26.37176447275337,0.3521426341250482,0.3516357506376207,LOSS,161.9398048515505,154.60055756147773,100.0,100.0,0.0,0.0,-0.2992125984251969,-0.1703674511227735
2596.052778430451,26.16915881407039,26.528803795891985,0.3596449818215959,0.3592497038413545,LOSS,164.32415405232942,157.5227273074915,100.0,100.0,0.0,0.0,0.3692359662472471,-0.4661506849512912
2610.972621984649,26.316654789642445,26.682616285219865,0.3659614955774195,0.365802039937062,LOSS,166.57453711854131,159.89675633868288,100.0,100.0,0.0,0.0,0.5960711694159762,-0.3385826771653543
2625.892465538847,26.461987631076173,26.833787273488344,0.3717996424121708,0.3716748103967759,LOSS,168.57568479761076,162.2851228458639,100.0,100.0,0.0,0.0,0.429996286268054,-0.0405882215861921
2640.812309093045,26.605242652983097,26.982505946183835,0.3772632932007376,0.3771809916285893,LOSS,170.7015837065872,164.70218209174905,100.0,100.0,0.0,0.0,0.0,0.0157480314960629
2655.732152647243,26.746647301972136,27.129127341244995,0.3824800392728598,0.3824159849528949,LOSS,172.85269312268773,167.01238439719458,100.0,100.0,0.0,0.0,0.0,0.0236220472440944
2670.651996201441,26.88627030653437,27.27377492891946,0.3875046223850873,0.3874266050126991,LOSS,175.0285702018349,169.29219206830717,100.0,100.0,0.0,0.0,0.0393700787401574,0.0314960629921259
2685.571839755639,27.0242620429938,27.41655719637395,0.3922951533801502,0.3922416500957577,LOSS,177.14249231715198,171.54356117798622,100.0,100.0,0.0,0.0,0.0551181102362204,0.035976699903737
2700.491683309837,27.16062570912002,27.55755088364205,0.3969251745220354,0.3968504027721131,LOSS,179.2192591149457,173.72256224380584,100.0,100.0,0.0,0.0,0.0236220472440944,0.0472440944881889
2715.411526864035,27.295481426099105,27.69681230651326,0.4013308804141537,0.4013046891574572,LOSS,181.26642615265249,175.87119360290248,100.0,100.0,0.0,0.0,0.0,0.0548599322397306
2730.331370418233,27.428795012137016,27.8344530246732,0.4056580125361826,0.40562043845224,LOSS,183.26537183611012,177.99440022827568,100.0,100.0,0.0,0.0,-0.0078740157480314,0.0551181102362204
2745.251213972431,27.56068529162118,27.970557714027564,0.4098724224063836,0.4098444634955148,LOSS,185.2475358386293,180.02972091760685,100.0,100.0,0.0,0.0,-0.0236220472440944,0.0551181102362204
2760.171057526629,27.69116738457153,28.105170340115507,0.4140029555439781,0.4139642183636087,LOSS,187.1638827038566,182.0707468809521,100.0,100.0,0.0,0.0,-0.0629921259842519,0.0551181102362204
2775.090901080827,27.82032631939852,28.238343596538986,0.4180172771404642,0.4180010247447991,LOSS,189.0562821357772,184.0819676118264,100.0,100.0,0.0,0.0,-0.0393700787401574,0.0551181102362204
2790.010744635025,27.948188802616063,28.370171644166017,0.4219828415499549,0.4219320266577071,LOSS,190.92844421575847,186.01695158442493,100.0,100.0,0.0,0.0,0.0,0.0200623990702262
2804.930588189223,28.074837903572,28.5006338648547,0.4257959612827022,0.4257463773168908,LOSS,192.73022623183152,187.9442882119167,100.0,100.0,0.0,0.0,0.0078740157480314,-0.0634225180544935
2819.850431743421,28.200306489963875,28.62976681908189,0.4294603291180152,0.4294050952704277,LOSS,194.568085359115,189.8378850197107,100.0,100.0,0.0,0.0,0.0078740157480314,-0.0629921259842519
2834.770275297619,28.324602985004866,28.75756198041543,0.4329589954105657,0.432907647961444,LOSS,196.30702559780067,191.67466129182992,100.0,100.0,0.0,0.0,0.0140133041893312,-0.0314960629921259
2849.690118851817,28.44781133924233,28.884114958598083,0.4363036193557512,0.4362402853850717,LOSS,198.0486525974032,193.5080761004615,100.0,100.0,0.0,0.0,0.0157480314960629,-0.0472440944881889
2864.609962406015,28.569962527849523,29.00942076923842,0.4394582413888983,0.439409011890626,LOSS,199.7501110350736,195.2998294467272,100.0,100.0,0.0,0.0,0.0157480314960629,-0.1102362204724409
2879.529805960213,28.691092036313048,29.13355721124028,0.4424651749272286,0.4423647312187562,LOSS,201.40768246965217,197.03130950268687,100.0,100.0,0.0,0.0,0.0157480314960629,-0.0708661417322834
2894.449649514411,28.811272675991635,29.256443453331777,0.4451707773401416,0.4453000699869728,LOSS,203.030532505528,198.75052653702656,100.0,100.0,0.0,0.0,0.0157480314960629,-0.0606564853790701
2909.369493068609,28.930488310036203,29.37875256772975,0.4482642576935483,0.4490795320203358,LOSS,204.62749716601627,197.3054188772405,100.0,100.0,0.0,0.0,0.0157480314960629,-0.065893768397859
2924.289336622807,29.048777318434126,29.502580879461444,0.4538035610273176,0.4538360674103525,LOSS,206.1657886885232,196.7164854737237,100.0,100.0,0.0,0.0,0.0157480314960629,-0.0708661417322834
2939.209180177005,29.16636906582122,29.62580944933141,0.4594403835101914,0.4591694264444257,LOSS,206.96636665260883,197.8372435109024,48.23529411764706,100.0,0.0,0.0,0.0078740157480314,-0.0787401574803149
2954.129023731203,29.283822389026444,29.74808672382221,0.464264334795768,0.463634615932925,LOSS,206.3759665830152,199.4902571822989,0.0,100.0,11.391227695648531,0.0,0.0,-0.0866141732283464
2969.048867285401,29.402199965007007,29.869399094499823,0.4671991294928155,0.4663062098080424,NEUTRAL,204.0724978510556,201.15845281817303,0.0,100.0,14.70508232190562,0.0,-0.0163081663901678,-0.1023622047244094
2983.9687108395988,29.522212309232387,29.98966747436793,0.4674551651355436,0.4665542657320927,NEUTRAL,201.04164004192228,202.76557660653387,0.0,100.0,19.215686274509807,0.0,-0.0314960629921259,-0.1023622047244094
2998.8885543937968,29.64414250803131,30.10915101059923,0.4650085025679189,0.464038794196842,GAIN,197.5636153024535,204.3214351853929,0.0,74.42521121941915,22.745098039215687,0.0,-0.0393700787401574,-0.1261652878049073
3013.8083979479948,29.76835528151428,30.22800799640134,0.4596527148870635,0.4588760692571405,GAIN,193.60977708611404,204.75547382970296,0.0,0.0,26.27450980392157,5.098039215686274,-0.0551181102362204,-0.1732283464566929
3028.7282415021928,29.89535240812421,30.34731939844065,0.4519669903164391,0.4512669812198903,GAIN,189.0305292433505,203.38255895484787,0.0,0.0,31.62400616288007,0.0,-0.0976070541219393,-0.2125984251968504
3043.6480850563908,30.02606336627127,30.46824460472744,0.4421812384561683,0.4418105912132724,GAIN,182.36203465689024,198.71217293842125,0.0,0.0,48.92781566152144,64.70588235294117,-0.1640129896409314,-0.2283464566929134
3058.5679286105888,30.162234364690203,30.593517909557413,0.4312835448672096,0.4325930556400775,GAIN,174.4544809782007,192.5060515533508,0.0,0.0,50.13586367292271,27.785030725906505,-0.3464872500581714,-0.3283752496230172
3073.4877721647867,30.30299024058827,30.727304624185123,0.4243143835968546,0.4215780119864618,GAIN,166.33966853166683,186.6608958974085,0.0,0.0,50.98039215686274,41.17647058823529,-0.5039370078740157,-0.5303408120538907
3088.4076157189847,30.45193269748221,30.86106880497753,0.4091361074953212,0.4095957711978665,GAIN,161.5464672775769,180.96427130388537,0.0,0.0,0.0,12.621058528675752,-0.5118110236220472,-0.6373165196455682
3103.3274592731827,30.603856787700284,30.999193610201708,0.3953368225014237,0.3957548845772874,GAIN,158.1125436597733,175.99530276189404,0.0,0.0,42.41582916475344,94.38211138602028,-0.4462934744862791,-0.6614173228346457
3118.2473028273807,30.76263236253705,31.14542408627217,0.3827917237351173,0.3830273443205302,GAIN,151.1262849597354,166.36803334244848,0.0,0.0,20.179335897312708,0.0,-0.3751786755490723,-0.5984251968503937
3133.1671463815787,30.929249048090693,31.300202534815742,0.3709534867250497,0.3722230136525226,GAIN,145.6050412807651,160.0109972341587,0.0,0.0,25.49019607843137,0.0,0.1968503937007874,-0.4803149606299212
3148.0869899357767,31.09914786339364,31.46207169389104,0.3629238304974009,0.3582881001972566,GAIN,137.50118116571537,156.21516005460697,0.0,100.0,37.34648356579391,0.0,-0.122212260465316,-0.552680017293935
3163.0068334899747,31.28682021521086,31.62780719858018,0.3409869833693193,0.3426821800880463,GAIN,129.28564542612648,155.54568505595446,0.0,100.0,35.65021486177324,0.0,-0.2154493846163986,-0.6850393700787402
3177.9266770441727,31.461888385283256,31.786024111680675,0.3241357263974187,0.3167398947063873,GAIN,123.30758399852576,155.2352890906488,0.0,100.0,17.254901960784313,0.0,-0.0157480314960629,-0.91379541179643
3192.8465205983707,31.66986683396335,31.95496380831577,0.2850969743524238,0.2950777606944932,GAIN,119.2198930042362,155.10710870184323,0.4787006161550213,100.0,0.0,0.0,-0.0637610624070521,-1.0
3207.7663641525687,31.80262598841944,32.07862656975308,0.276000581333637,0.2676108114831284,GAIN,119.30067509014474,154.90842102070698,100.0,100.0,0.0,0.0,-0.1180890056235731,-1.0
3222.6862077067667,31.96027928166484,32.20201416042816,0.2417348787633244,0.2463770396133201,GAIN,122.14418978164018,154.4576489404767,100.0,100.0,0.0,0.0,-0.3299019298646614,-1.0
3237.6060512609647,32.14003108489593,32.36142674363893,0.221395658742999,0.2202246919070608,GAIN,125.9257734851401,153.83055417131163,100.0,100.0,0.0,0.0,-0.8636267388125602,-1.0
3252.5258948151627,32.28228111963039,32.47982465784525,0.1975435382148589,0.1956143891444336,GAIN,128.78051009849017,154.1431939513958,100.0,100.0,0.0,0.0,-0.9291338582677166,-0.2188959996087514
3267.4457383693607,32.43056416016667,32.59846813064211,0.167903970475443,0.1667828577170382,GAIN,131.52338756818585,155.4287079388755,100.0,100.0,0.0,0.0,-0.9148063438547624,-1.0
3282.3655819235587,32.60714090049709,32.742041964957906,0.1349010644608128,0.1375908420981181,GAIN,134.87138302953613,155.5537978114956,100.0,100.0,0.0,0.0,-0.9133858267716536,-1.0
3297.2854254777567,32.75623531683214,32.86620280819024,0.1099674913580983,0.1109471322817843,GAIN,137.00210238617623,155.90254632146576,100.0,100.0,0.0,0.0,-0.9133858267716536,-0.1259866312047584
3312.2052690319547,32.93316498080743,33.021137821833875,0.0879728410264419,0.0889491211020588,GAIN,141.05076061579743,157.86486680045522,100.0,100.0,0.0,0.0,0.0,1.0
3327.1251125861527,33.1041152377133,33.17302226863494,0.0689070309216361,0.0683392725115794,GAIN,144.6370911407667,159.9931426024095,100.0,100.0,0.0,0.0,0.0,1.0
3342.0449561403507,33.263118120441774,33.311256066028434,0.0481379455866601,0.0504097271950717,GAIN,147.89143649862766,161.96951833423103,100.0,100.0,0.0,0.0,-0.415699794476524,0.0
3356.9647996945487,33.426518951678915,33.460703156755834,0.0341842050769187,0.0348100362623071,GAIN,151.1160138106575,164.28486491148428,100.0,100.0,0.0,0.0,0.0,0.0
3371.8846432487467,33.58628767567222,33.60839563379556,0.0221079581233425,0.0223957039276475,GAIN,154.07899570631983,166.65421774514533,100.0,100.0,0.0,0.0,-0.7929553568765664,0.0
3386.8044868029447,33.743717426825974,33.754612375408655,0.0108949485826812,0.0110518947691744,GAIN,156.0105049172793,168.44295327021305,100.0,100.0,0.0,0.0,0.0,-1.0
3401.7243303571427,33.89833463473771,33.89848741233921,0.0001527776014995,0.0012182898360298,GAIN,158.43848436945655,170.0996659161705,100.0,100.0,0.0,0.0,-1.0,-1.0
3416.6441739113407,34.05058529815109,34.043192441475,-0.0073928566760912,-0.0064029748779811,GAIN,160.76528694028588,166.78552717012994,100.0,100.0,0.0,0.0,-0.1265997587168449,0.0
3431.5640174655387,34.199731886396314,34.18776304083696,-0.0119688455593518,-0.011525530363194,GAIN,162.92669256408178,166.51411314251857,100.0,100.0,0.0,0.0,-0.8701801272437355,-1.0
3446.4838610197367,34.34806633523954,34.3328514463854,-0.015214888854139,-0.014986756989316,GAIN,164.98217778932354,168.43600411645613,100.0,100.0,0.0,0.0,-0.1889763779527559,-1.0
3461.403704573934,34.494920868606165,34.47714433205171,-0.0177765365544573,-0.0171857375897843,GAIN,167.19777379982912,168.9946150159007,100.0,100.0,0.0,0.0,0.0,-0.105868665687394
3476.3235481281326,34.64242578106912,34.623859993708365,-0.0185657873607567,-0.0188421605935905,GAIN,169.33200793808163,168.8612960418138,100.0,100.0,0.0,0.0,-1.0,-0.6228775182085751
3491.24339168233,34.78756025030886,34.7673760924433,-0.0201841578655574,-0.0207777177655141,GAIN,171.08304837130026,170.71637709638037,100.0,100.0,0.0,0.0,-0.7060852394349215,-0.8448832164444185
3506.1632352365286,34.93219319049055,34.90860998242032,-0.023583208070228,-0.023525983649416,GAIN,173.29776316108166,172.71124507939015,100.0,100.0,0.0,0.0,-0.0864052833596865,-1.0
3521.083078790726,35.06719329285933,35.04038270784687,-0.0268105850124626,-0.0273190073017772,GAIN,175.02628283128578,174.04233008446715,100.0,100.0,0.0,0.0,-1.0,-1.0
3536.0029223449246,35.176465913999415,35.144902685176774,-0.031563228822641,-0.0304393601920385,GAIN,176.44394412769682,176.10050151973644,100.0,100.0,0.0,0.0,-0.084686383467054,-0.1317963046815463
3550.9227658991226,35.309412028985385,35.27646776224437,-0.032944266741012,-0.0317449813656338,NEUTRAL,178.4320211858611,177.71904332504775,100.0,0.0,0.0,0.0,0.0,-1.0
3565.8426094533206,35.39738667816514,35.36665922963189,-0.0307274485332484,-0.0300534966705707,LOSS,180.1163812615214,177.75183730938684,100.0,0.0,0.0,0.0,-0.0056998705314237,-1.0
3580.7624530075186,35.53143449552249,35.50494572078504,-0.0264887747374515,-0.026752391381206,LOSS,182.10245104767623,176.6695008152376,25.921760468120752,0.0,0.0,0.0,-0.1475652157111715,-0.0529845645321402
3595.6822965617166,35.66444330424575,35.64140235337283,-0.0230409508729181,-0.0190006666000807,LOSS,182.1245391240612,175.55881066427884,0.0,0.0,22.759948044994644,0.0,-0.1553271348845578,-1.0
3610.6021401159146,35.73307349053646,35.72560121634659,-0.0074722741898725,-0.0118498623600705,LOSS,180.8008086476897,174.9161140743782,0.0,0.0,41.64418155926268,0.0,-0.1574803149606299,-1.0
3625.5219836701126,35.87689972436888,35.87186336235146,-0.0050363620174209,-0.0074379792646084,NEUTRAL,172.26422811984287,173.1577148119974,0.0,0.0,45.88235294117647,0.0,-0.1417322834645669,-1.0
3640.441827224311,36.02699558824587,36.017190286659336,-0.0098053015865318,-0.0109661807143173,GAIN,163.19447094213058,171.97627343329617,0.0,0.0,44.70588235294118,0.0,-0.1181102362204724,0.0
3655.3616707785086,36.17606726094032,36.15801038240132,-0.0180568785389994,-0.0198507199625813,GAIN,155.37885630600778,167.8314609926657,0.0,0.0,42.72237122874227,40.0,-0.1023622047244094,0.0
3670.2815143327066,36.34326855412006,36.311578574357846,-0.0316899797622127,-0.030826174130721,GAIN,147.04644041139318,158.417543152851,0.0,0.0,42.35294117647059,64.59303741264222,-0.1259842519685039,0.1510793359873707
3685.2013578869046,36.519610687926544,36.47687902383559,-0.0427316640909509,-0.0405882316580298,GAIN,138.3648831899642,145.79178092407136,0.0,0.0,40.78431372549019,69.41176470588235,-0.1102362204724409,0.1496062992125984
3700.121201441103,36.706371702393696,36.65902865127277,-0.0473430511209258,-0.0426380192228634,LOSS,130.0650159945649,130.91058255065852,0.0,0.0,34.98173636509977,74.3734381324689,-0.0870146215177251,0.0036972169483531
3715.0410449953006,36.90391115185216,36.86607180939544,-0.0378393424567136,-0.0279262267378399,LOSS,122.12569450777416,113.03329276274243,0.0,0.0,35.19109219282746,82.46525357640029,0.0574201031190171,-0.0020886408212481
3729.9608885494986,37.11616911517456,37.11757282853868,0.0014037133641195,0.0162168931387872,LOSS,112.85765801773172,89.06834452948344,0.0,0.0,38.82352941176471,99.7142209116456,0.7322834645669292,0.6535433070866141
3744.8807321036966,37.340403912590006,37.42549022109896,0.0850863085089557,0.1096899469335521,LOSS,102.487946641537,63.43238161387876,0.0,0.0,40.0,74.50980392156863,0.8110236220472441,0.905511811023622
3759.800575657895,37.6047316611553,37.84731148008288,0.2425798189275809,0.1986100647258197,LOSS,90.36776900532274,58.82173941328019,0.0,100.0,38.03921568627451,0.0,0.9606299212598424,0.8952256382329336
3774.720419212093,37.79673115825504,38.064895224995965,0.2681640667409226,0.2658492864786765,LOSS,83.2531755554961,63.142566135198,0.0,100.0,1.568627450980392,0.0,0.984251968503937,0.9973140262083228
3789.6402627662906,38.02524734390484,38.31205131767236,0.2868039737675261,0.2735986700242018,LOSS,79.97380692412204,66.61462792396082,0.0,100.0,0.0,0.0,0.984251968503937,1.0
3804.560106320489,38.07312636266964,38.3389543322338,0.2658279695641568,0.2734863757396013,LOSS,79.42440382062257,66.37659713668893,0.0,100.0,0.0,0.0,0.9913821806880296,1.0
3819.479949874687,38.38245033598149,38.65027751986861,0.2678271838871211,0.2730258536513664,LOSS,77.49851146567104,70.8828832049292,100.0,100.0,0.0,0.0,0.908873166168156,1.0
3834.399793428885,38.65432224444667,38.93974465194949,0.2854224075028213,0.2861390976963018,LOSS,84.49835247862461,78.35460281972081,100.0,100.0,0.0,0.0,0.7483051682051913,1.0
3849.3196369830825,38.94011001899144,39.2452777206904,0.3051677016989629,0.3027470629641655,LOSS,93.0131022341756,87.68388811107604,100.0,100.0,0.0,0.0,0.2443196848894948,0.0551181102362204
3864.239480537281,39.19448105492579,39.5121321346165,0.3176510796907124,0.3169160132131594,LOSS,100.88070332328586,95.83809109230803,100.0,100.0,0.0,0.0,0.1653543307086614,0.0
3879.159324091479,39.42962114530437,39.75755040355417,0.327929258249803,0.3265900922918945,LOSS,107.67242943540226,103.1367009008164,100.0,100.0,0.0,0.0,0.1496062992125984,0.965896412700974
3894.079167645677,39.652581535999374,39.98677147493454,0.3341899389351681,0.3341748920958262,LOSS,112.08025375318378,108.62274751502994,100.0,100.0,0.0,0.0,0.1496062992125984,0.0
3908.9990111998745,39.86559888520673,40.20600436430924,0.3404054791025075,0.3402072332724373,LOSS,116.98755258391864,113.62498548734952,100.0,100.0,0.0,0.0,0.1417322834645669,0.0236220472440944
3923.918854754073,40.069760149802704,40.41578643158234,0.3460262817796362,0.3458170334957107,LOSS,121.60876962480717,118.432006665801,100.0,100.0,0.0,0.0,0.1417322834645669,0.0795753704970322
3938.838698308271,40.26629388476818,40.61731322437317,0.3510193396049885,0.3508582934780999,LOSS,126.01774564668142,123.00992851576108,100.0,100.0,0.0,0.0,0.1417322834645669,0.1023622047244094
3953.758541862469,40.45605064341014,40.81157990245981,0.3555292590496748,0.3553528183788922,LOSS,130.186556687688,127.33647655956553,100.0,100.0,0.0,0.0,0.1417322834645669,0.1023622047244094
3968.6783854166665,40.639846541294766,40.99935639777678,0.3595098564820134,0.3593828498599549,LOSS,134.19197993922876,131.47883650770729,100.0,100.0,0.0,0.0,0.1417322834645669,0.1023622047244094
3983.598228970865,40.81833976572878,41.18144919977696,0.3631094340481766,0.3629824483270525,LOSS,138.02200073486347,135.4253053583268,100.0,100.0,0.0,0.0,0.1574803149606299,0.1023622047244094
3998.518072525064,40.99200573379255,41.35833378824352,0.3663280544509675,0.3661963819319591,LOSS,141.660619284995,139.18932599654744,100.0,100.0,0.0,0.0,0.176166566827703,0.1023622047244094
4013.437916079261,41.1614001058302,41.53055176312693,0.369151657296733,0.3690255925787322,LOSS,145.1932850154562,142.84145414830238,100.0,100.0,0.0,0.0,0.18463979109084,0.1023622047244094
4028.3577596334585,41.32694081411691,41.698537880105405,0.3715970659884959,0.3714470727677863,LOSS,148.5489302984059,146.33367532782444,100.0,100.0,0.0,0.0,0.1889763779527559,0.1023622047244094
4043.277603187657,41.48906148758179,41.86265398259992,0.3735924950181299,0.3734006474574087,LOSS,151.75540199514649,149.65239796934944,100.0,100.0,0.0,0.0,0.1889763779527559,0.1133025653053832
4058.197446741856,41.64832185358565,42.02333423495125,0.3750123813656003,0.3747002754847036,NEUTRAL,154.00150453926207,152.81576392154258,100.0,100.0,0.0,0.0,0.1889763779527559,0.2283464566929134
4073.117290296053,41.805772824535886,42.18126877460627,0.3754959500703805,0.3755598691831139,NEUTRAL,156.50467163494392,154.88686936041026,100.0,100.0,0.0,0.0,0.1811023622047244,0.3073418490716058
4088.0371338502505,41.96112869120464,42.337299967318,0.3761712761133609,0.3761776536580044,NEUTRAL,159.0226790504155,157.3632549019631,100.0,100.0,0.0,0.0,0.1811023622047244,0.3439878835140797
4102.9569774044485,42.11458459234392,42.49145032713419,0.3768657347902717,0.3769428380732383,NEUTRAL,161.46193334402892,159.73087951140118,100.0,100.0,0.0,0.0,0.1811023622047244,0.3464566929133858
4117.876820958646,42.2662694175541,42.64406092087018,0.3777915033160823,0.3779113045523701,NEUTRAL,163.87155196219615,162.07110645425993,100.0,100.0,0.0,0.0,0.1811023622047244,0.3385826771653543
4132.7966645128445,42.416378551083525,42.79545522663428,0.3790766755507562,0.379202371838268,NEUTRAL,166.22350469399373,164.35716145314794,100.0,100.0,0.0,0.0,0.1811023622047244,0.2440944881889764
4147.716508067042,42.56502982051816,42.94576875716613,0.3807389366479654,0.3808087815307151,NEUTRAL,168.54787960586086,166.69508471035786,100.0,100.0,0.0,0.0,0.1811023622047244,0.1102362204724409
4162.6363516212405,42.701699207627215,43.08430994002064,0.3826107323934238,0.3824622417177323,NEUTRAL,170.63975966001323,168.85147049663365,100.0,100.0,0.0,0.0,0.1462642994781775,0.0382443412635695
4177.556195175438,42.84498067821058,43.22901773432239,0.3840370561118078,0.381980966042479,NEUTRAL,172.88392369056257,171.14766052598387,100.0,100.0,0.0,0.0,0.0740250553238963,0.0125368363646587
4192.4760387296365,42.97154654379651,43.35084165341871,0.3792951096222055,0.383445498389501,NEUTRAL,174.73639316772824,173.03209298894484,100.0,100.0,0.0,0.0,0.0308882376435223,0.007414037139834
4207.395882283834,43.10342060655773,43.490424935992216,0.3870043294344896,0.3820047110317356,NEUTRAL,176.34887317110957,174.86789951152952,100.0,100.0,0.0,0.0,-0.0050721078072908,-0.0056974671936108
4222.315725838032,43.22953767779505,43.60925237183356,0.3797146940385119,0.3860502358865385,LOSS,178.47375028095817,176.67747658618535,100.0,100.0,0.0,0.0,-0.0302898030378415,-0.0472440944881889
4237.23556939223,43.35079528625464,43.74222697044125,0.3914316841866139,0.3857140937147013,LOSS,180.5787196833832,178.9952117329175,100.0,100.0,0.0,0.0,-0.0560161864128099,-0.0866141732283464
4252.155412946428,43.48446648949295,43.87046239241193,0.3859959029189781,0.391651369445005,LOSS,182.5906315177868,180.9265221029185,100.0,100.0,0.0,0.0,-0.1206119433381442,-0.1259842519685039
4267.075256500626,43.60658983865041,44.00411635987983,0.3975265212294232,0.3943824037025578,LOSS,183.96332593061297,182.4979202055661,100.0,100.0,0.0,0.0,-0.4409448818897638,-0.2362204724409448
4281.995100054824,43.74243356574543,44.1420583527047,0.3996247869592721,0.399074704566966,LOSS,186.22543030399964,184.87869147960143,100.0,100.0,0.0,0.0,-0.5039370078740157,-0.3228346456692913
4296.914943609022,43.87894148348244,44.279014288994645,0.4000728055122025,0.4004194556119079,NEUTRAL,188.00007076803064,186.73897828857244,100.0,100.0,0.0,0.0,-0.5196850393700787,-0.3543307086614173
4311.83478716322,44.0124885184593,44.41404929282355,0.4015607743642491,0.3999742187638422,GAIN,189.6613176441161,188.580032722268,100.0,100.0,0.0,0.0,-0.5275590551181102,-0.3700787401574803
4326.754630717418,44.13458639483608,44.53287547125115,0.3982890764150752,0.3971893532098178,GAIN,191.08613539851572,190.112640079199,100.0,100.0,0.0,0.0,-0.5275590551181102,-0.3587534765138779
4341.674474271616,44.25246695695516,44.64418516580529,0.3917182088501292,0.3940705684511343,GAIN,192.3736266129664,191.5490398213102,100.0,100.0,0.0,0.0,-0.5251442922780607,-0.2913385826771653
4356.594317825814,44.377944428325385,44.770148848413584,0.3922044200881984,0.391667438114581,NEUTRAL,193.86265900020845,193.2316585044241,100.0,100.0,0.0,0.0,-0.4330708661417323,-0.2065446687876564
4371.514161380012,44.4995033128036,44.89058299820901,0.3910796854054155,0.3915730127451742,NEUTRAL,195.3991392524826,194.79693730634628,100.0,100.0,0.0,0.0,0.0236220472440944,-0.1748485521729919
4386.43400493421,44.62331205669199,45.014746989433895,0.3914349327419089,0.3905933300580339,NEUTRAL,197.09444323087988,196.5080094310271,100.0,100.0,0.0,0.0,0.2598425196850393,-0.1181102362204724
4401.353848488408,44.74607219236084,45.13533756438762,0.3892653720267773,0.3905142248926599,NEUTRAL,198.78824443000445,198.1842438432024,100.0,100.0,0.0,0.0,0.290300189014407,0.0
4416.273692042606,44.86432992731151,45.2551722972208,0.3908423699092935,0.3903824397056776,NEUTRAL,200.39219630212145,199.86442985778856,100.0,100.0,0.0,0.0,0.1787808095427456,0.0157480314960629
4431.193535596804,44.98517415799224,45.3762137351732,0.3910395771809618,0.3910882411789795,NEUTRAL,201.9369950247267,201.4181725166471,100.0,76.4376901180911,0.0,0.0,0.0850507411040607,0.0295358159644553
4446.113379151002,45.10519313632485,45.49657591277153,0.391382776446683,0.3915916624526308,NEUTRAL,203.328843656227,201.8181714309744,0.0,0.0,1.568627450980392,5.976521462406232,0.0078740157480314,0.0314960629921259
4461.0332227052,45.22535923805388,45.61771187178413,0.3923526337302476,0.3920972124164426,NEUTRAL,201.28627399053724,199.18210918068752,0.0,0.0,22.35294117647059,15.68627450980392,-0.0078740157480314,0.0393700787401574
4475.953066259398,45.34756765033979,45.74012387741219,0.3925562270723972,0.3921176166335366,NEUTRAL,197.02615715727336,197.5098354153604,0.0,0.0,29.77504062808006,12.549019607843135,-0.0227766563792157,0.0314960629921259
4490.872909813596,45.47299839539056,45.86444238448853,0.3914439890979651,0.3909710064140934,GAIN,190.9679137248122,193.3452963787577,0.0,0.0,43.92156862745098,27.450980392156865,-0.0314960629921259,0.0157480314960629
4505.792753367794,45.60285019638776,45.99176299945968,0.3889128030719178,0.3884041951188616,GAIN,183.9965622515457,188.4552804786184,0.0,0.0,43.92156862745098,30.980392156862745,-0.0314960629921259,0.0
4520.712596921992,45.737747366175206,46.12260315936191,0.384855793186702,0.3843988334471149,GAIN,176.8088896374113,183.0283417478133,0.0,0.0,45.23109740420493,35.294117647058826,-0.0485799148847344,-0.0078740157480314
4535.63244047619,45.87839702057561,46.25782492465834,0.3794279040827248,0.3795943494225753,GAIN,169.064863204067,176.04006697282048,0.0,0.0,46.98021771079462,57.647058823529406,-0.0771618516734353,-0.0393700787401574
4550.552284030388,46.02587954903963,46.40037890003793,0.374499350998299,0.3744831185844361,GAIN,160.72632840339554,164.85959947529383,0.0,0.0,48.62745098039216,70.58823529411765,-0.0944881889763779,-0.0551181102362204
4565.472127584586,46.181414642620766,46.55093674329305,0.3695221006722846,0.3679764674488055,GAIN,151.87327553265823,157.80061047032157,0.0,0.0,48.62745098039216,47.84313725490196,-0.1023622047244094,-0.0551181102362204
4580.391971138784,46.34651837640577,46.7064263270816,0.3599079506758329,0.3569390256153018,GAIN,142.59323456171694,155.39957002771123,0.0,0.0,48.302997513626906,5.283596828969445,-0.1102362204724409,-0.0551181102362204
4595.311814692982,46.5230265765343,46.86441360203209,0.341387025497788,0.3406121157833865,GAIN,132.8355189947696,150.26016952160435,0.0,0.0,47.05882352941176,70.19607843137254,-0.1463240141234257,-0.0708661417322834
4610.23165824718,46.71338377125658,47.03392514243312,0.3205413711765388,0.3209290522477819,GAIN,122.65263802034158,136.55264426465814,0.0,0.0,47.05882352941176,76.02062746335189,-0.2677165354330709,-0.4126803159542465
4625.151501801378,46.921133927951566,47.221992688020585,0.3008587600690191,0.2997977254804051,GAIN,111.35940830030732,121.98552968620676,0.0,0.0,48.23529411764706,72.36136670618569,-0.3662218914364814,-0.9320612380699526
4640.071345355576,47.154355714669045,47.4323487598647,0.2779930451956574,0.2743923277444106,GAIN,98.51189652161632,110.07739894057973,0.0,0.0,48.23529411764706,49.83363966899882,-0.6850393700787402,-1.0
4654.991188909774,47.424513654519785,47.66883883248834,0.2443251779685553,0.2432924510760609,GAIN,88.77469627569855,97.8963901903776,0.0,0.0,0.0,40.3921568627451,-0.7716535433070866,-1.0
4669.911032463972,47.7070833899064,47.91464251997037,0.2075591300639701,0.2146043304391464,GAIN,86.31602925871151,90.69643602870174,0.0,0.0,0.0,0.0,-0.2047244094488189,-1.0
4684.83087601817,48.00337109990074,48.19529978318565,0.1919286832849138,0.1902837257221203,GAIN,84.12560801103113,87.43482035694916,0.0,0.0,0.0,0.0,-0.7424557986810708,-1.0
4699.750719572368,48.13373469850087,48.30509806231834,0.1713633638174769,0.166517019172313,GAIN,82.94066233840287,86.0891215998137,0.0,0.0,0.0,0.0,-0.8847812982707244,-1.0
4714.670563126566,48.30404111324018,48.44030012365473,0.1362590104145482,0.1521668072285322,GAIN,81.50596090937913,84.8626316244158,0.0,0.0,0.0,0.0,-1.0,-1.0
4729.590406680764,48.48657584179767,48.635453889251245,0.1488780474535715,0.1452216714882771,NEUTRAL,79.81146262683706,82.75424658660744,0.0,0.0,0.0,0.0,-1.0,-1.0
4744.510250234962,48.66719484117846,48.81772279777517,0.1505279565967114,0.1505249617061797,LOSS,77.46228183730645,80.1726985973506,0.0,0.0,0.0,0.0,-1.0,-1.0
4759.43009378916,49.070560364747706,49.22272924581596,0.1521688810682562,0.1580105768606496,LOSS,73.33845326934762,75.56888671136392,41.96078431372549,0.0,0.0,0.0,-1.0,-1.0
4774.349937343358,49.42504180367173,49.59637669658871,0.1713348929169811,0.1714375340946598,LOSS,78.02004897692431,72.71465909381551,79.16304771083995,100.0,0.0,0.0,-1.0,-0.6479910080644441
4789.269780897556,49.728264732724455,49.9190735610232,0.1908088282987421,0.1874375448367686,LOSS,85.39720860176769,81.6967381797281,100.0,100.0,0.0,0.0,-0.0944881889763779,-0.2125984251968504
4804.189624451754,50.00089921860778,50.20106813190236,0.2001689132945827,0.1978556527165646,LOSS,92.90705149422624,90.74345057164516,100.0,100.0,0.0,0.0,-0.060353300315461,0.1574803149606299
4819.109468005952,50.25506021476012,50.45764943131649,0.2025892165563689,0.2005736762850531,NEUTRAL,99.79229623208472,98.581895569091,100.0,100.0,0.0,0.0,-0.0236220472440944,0.0
4834.02931156015,50.49670965133256,50.69567255033677,0.1989628990042078,0.1987597669882769,NEUTRAL,107.09977597874123,105.59616706540235,100.0,100.0,0.0,0.0,0.1496062992125984,-0.0115312342316997
4848.949155114348,50.72561861633299,50.92034580173724,0.194727185404254,0.1956625724083072,NEUTRAL,111.56644397180602,110.38317275477992,100.0,100.0,0.0,0.0,0.6091758799491804,-0.0778536825070478
4863.868998668546,50.9421801702925,51.13547780310896,0.1932976328164599,0.1938049293632104,NEUTRAL,116.25239064329708,115.37909797438984,100.0,100.0,0.0,0.0,0.7129268499267011,-0.0944881889763779
4878.788842222744,51.148309364208345,51.34169933407726,0.1933899698689174,0.1936056567380598,NEUTRAL,120.66187939597776,120.08540249414852,100.0,100.0,0.0,0.0,0.2291666686213588,-0.0944881889763779
4893.708685776942,51.34609416225029,51.54022352977909,0.1941293675288022,0.1941443593263111,NEUTRAL,125.0828064354147,124.56719146106497,100.0,100.0,0.0,0.0,0.0,-0.0944881889763779
4908.62852933114,51.53701319235088,51.73192693293209,0.1949137405812138,0.1948868284429087,NEUTRAL,129.32623018306612,128.81876844340738,100.0,100.0,0.0,0.0,0.0,0.0410030764346166
4923.548372885338,51.7219190358398,51.91753641305851,0.1956173772187099,0.1956127599118602,NEUTRAL,133.3866089654184,132.881630723189,100.0,100.0,0.0,0.0,0.0,0.0708661417322834
4938.468216439536,51.901366061067705,52.09767322300336,0.1963071619356569,0.1962641527137899,NEUTRAL,137.25380914921683,136.78770287849906,100.0,100.0,0.0,0.0,0.0,0.0866141732283464
4953.388059993734,52.0759353931491,52.272803312136105,0.196867918987003,0.1968517815256447,NEUTRAL,140.96069802884028,140.52121899977186,100.0,100.0,0.0,0.0,0.0,0.0866141732283464
4968.307903547932,52.246065044469695,52.44344530812397,0.1973802636542743,0.1973959321399997,NEUTRAL,144.55123623279857,144.09679346340684,100.0,100.0,0.0,0.0,0.0078740157480314,0.0866141732283464
4983.22774710213,52.41210015341639,52.61003976719511,0.1979396137787219,0.1979124585360807,NEUTRAL,147.9620703576995,147.5396465692165,100.0,100.0,0.0,0.0,0.0440123840384647,0.0866141732283464
4998.147590656328,52.574453282990255,52.7728707811655,0.198417498175246,0.1984303312596793,NEUTRAL,151.22403906163944,150.80854638640864,100.0,100.0,0.0,0.0,0.0551181102362204,0.0866141732283464
5013.067434210526,52.73342667335758,52.93236055518265,0.1989338818250701,0.1988841425106571,NEUTRAL,154.20798620484953,153.9088461124008,100.0,100.0,0.0,0.0,0.0551181102362204,0.0708661417322834
5027.987277764724,52.89016472136426,53.08946576889591,0.1993010475316552,0.199327205402921,NEUTRAL,156.21472319654106,155.880434531676,100.0,100.0,0.0,0.0,0.0551181102362204,0.0087588843511105
5042.907121318922,53.04442109028705,53.24416777713909,0.1997466868520376,0.1997278877318985,NEUTRAL,158.74080759554005,158.43432725636632,100.0,100.0,0.0,0.0,0.0551181102362204,0.0
5057.82696487312,53.19633118139566,53.39646711020766,0.2001359288120028,0.2001095194196717,NEUTRAL,161.21651991517157,160.88525021065155,100.0,100.0,0.0,0.0,0.0551181102362204,-0.0085612136661843
5072.746808427318,53.345936215057336,53.54638215765231,0.2004459425949747,0.2004355352787262,NEUTRAL,163.6409418261021,163.32627770322893,100.0,100.0,0.0,0.0,0.0720166466125827,-0.0281862439969215
5087.666651981516,53.49344344896453,53.69416818339373,0.2007247344292011,0.2006885644195435,NEUTRAL,165.97652007513497,165.69236914795178,100.0,100.0,0.0,0.0,0.1493418494997487,-0.0472440944881889
5102.586495535714,53.63894267401955,53.83983769025401,0.2008950162344547,0.2009488697511017,NEUTRAL,168.28343916578814,168.01957006204856,100.0,100.0,0.0,0.0,0.1889763779527559,-0.0708661417322834
5117.506339089912,53.78263787545769,53.98386473404734,0.2012268585896492,0.201745497692651,LOSS,170.51178604208806,169.37563552856446,100.0,0.0,0.0,1.1764705882352942,0.1420788739618554,-0.0787401574803149
5132.42618264411,53.92466222523891,54.12777684349276,0.2031146182538492,0.2042218822754667,LOSS,172.72232145779736,167.99234064827704,100.0,0.0,0.0,7.455265838392419,0.0571199508197072,-0.0866141732283464
5147.346026198308,54.065111780035465,54.27343595001837,0.2083241699829017,0.2087049974100997,LOSS,174.03903421717416,165.47204865944153,100.0,0.0,25.09803921568628,12.339868148078253,0.0236220472440944,-0.1002624558173209
5162.265869752506,54.20685152724343,54.42152773123698,0.2146762039935481,0.2132413153317737,LOSS,169.28712527946456,162.43555994956662,98.4313725490196,0.0,68.23529411764706,14.50980392156863,0.0,-0.4282990086418108
5177.185713306704,54.35592047974018,54.57264405175905,0.2167235720188713,0.213796403813833,GAIN,157.90210682663545,159.1648545330661,0.0,0.0,89.01960784313725,15.294117647058824,-0.3385826771653543,-0.5826771653543307
5192.105556860902,54.51725855548131,54.72724799091039,0.2099894354290796,0.2056824694772245,GAIN,144.29120616298923,155.4405515156456,0.0,0.0,100.0,16.862745098039216,-0.7978566666069105,-0.7086614173228346
5207.0254004151,54.69677643833106,54.88711083931478,0.1903344009837226,0.1844923095919265,GAIN,128.8055341146297,151.17701883386448,0.0,0.0,86.27563137367092,17.647058823529413,-1.0,-0.8722892965471295
5221.945243969298,54.89981606234538,55.05296915470836,0.1531530923629773,0.1491754341387429,GAIN,112.96416133415588,146.80462984246955,0.0,0.0,39.38431512956478,12.941176470588236,-1.0,-0.9133858267716536
5236.865087523496,55.12114880786134,55.22518761693087,0.1040388090695287,0.1016176782833587,GAIN,107.77817289806008,144.72783420516393,0.0,0.0,5.158101551946846,0.0,-1.0,-0.622180238385582
5251.784931077694,55.36220753564226,55.40986866905983,0.04766113341757,0.0470164935556643,GAIN,103.3834154017376,140.65219092533096,0.0,0.0,7.0588235294117645,1.815859353571546,-1.0,-0.3007963870138692
5266.704774631892,55.60506000372551,55.59440954190541,-0.0106504618201057,-0.0135106309238324,GAIN,98.68533142029028,138.2681406570848,0.0,0.0,5.88235294117647,10.588235294117649,-1.0,0.0314960629921259
5281.62461818609,55.86699113296908,55.78944856860012,-0.0775425643689615,-0.0846730685676059,GAIN,95.1749606957422,134.97181169591977,100.0,0.0,0.0,0.0,-1.0,-0.5275590551181102
5296.544461740288,56.13644176956138,55.97061559004763,-0.1658261795137505,-0.1509435738943736,GAIN,99.27653440123947,127.9160654263694,100.0,0.0,0.0,54.11764705882353,-1.0,0.0629921259842519
5311.464305294486,56.39986469265075,56.19040271485034,-0.2094619778004087,-0.2032824506368603,GAIN,104.46517976020452,114.85043762652214,100.0,0.0,0.0,57.647058823529406,0.0078740157480314,0.4330708661417323
5326.384148848684,56.584632802026746,56.350073607430325,-0.2345591945964216,-0.2163416866839966,LOSS,108.27888782063918,83.57181431853527,100.0,0.0,0.0,13.323720259553912,-0.0535626089276488,-0.1391719510187336
5341.303992402882,56.75795287770652,56.55294899005136,-0.2050038876551596,-0.1776664674064084,LOSS,110.59858732903882,74.88625417692192,100.0,100.0,0.0,0.0,-0.905511811023622,-0.293140765092572
5356.22383595708,56.964124231054384,56.87068791108674,-0.093436319967644,-0.0841003007323829,LOSS,114.70606624509342,70.90462953683628,100.0,100.0,0.0,0.0,-0.984251968503937,0.7832329994614708
5371.143679511278,57.08452380250746,57.13066310793312,0.0461393054256547,0.0494512183981375,LOSS,117.71169513888272,70.063372124196,100.0,100.0,0.0,0.0,0.0,1.0
5386.063523065476,57.26383261430089,57.45948328403729,0.195650669736402,0.1947349402610214,LOSS,121.39312846535356,70.13831002823899,100.0,100.0,0.0,0.0,0.0,0.0
5400.983366619674,57.46135264359995,57.80376748922096,0.3424148456210076,0.3333696875617302,LOSS,126.1645184359854,73.30742702742529,100.0,100.0,0.0,0.0,-0.1968503937007874,0.0
5415.903210173872,57.64926813607296,58.11131168340074,0.4620435473277808,0.4535979222428068,LOSS,130.3166323516623,83.23595722848336,100.0,100.0,0.0,0.0,-0.1968503937007874,-1.0
5430.82305372807,57.83424813946923,58.39058351324886,0.5563353737796319,0.5508114612890745,LOSS,134.08950747441148,91.6629379890967,100.0,100.0,0.0,0.0,-0.8188976377952756,-0.3504490293630753
5445.742897282268,58.01011935418888,58.64417481694869,0.634055462759811,0.6294595086660308,LOSS,137.67446635788983,99.20079458433234,100.0,100.0,0.0,0.0,-0.2826321690040937,0.0
5460.662740836466,58.17891907388427,58.87690676334292,0.6979876894586496,0.6877557755094111,LOSS,141.13913695862632,105.79080225573423,100.0,100.0,0.0,0.0,-0.5511811023622047,-0.7874015748031497
5475.582584390664,58.31389108530573,59.0451152596155,0.7312241743097729,0.7327509902913766,LOSS,143.7036171480318,109.26679750121308,100.0,100.0,0.0,0.0,-0.6850393700787402,0.0
5490.502427944862,58.475607304588216,59.24464841169392,0.7690411071057071,0.7648174625461882,LOSS,146.73400482225276,113.91253432734688,100.0,100.0,0.0,0.0,-0.6160562989146592,0.0315314723953139
5505.42227149906,58.63028940296549,59.42447650918857,0.7941871062230845,0.7903740865566414,LOSS,149.75730046072155,118.05551633119455,100.0,100.0,0.0,0.0,-0.2305680689435356,0.0708661417322834
5520.342115053258,58.7975079319164,59.60540197825753,0.8078940463411328,0.8165241084731889,LOSS,153.01766302978783,122.16379598944964,100.0,100.0,0.0,0.0,-0.0078740157480314,0.1023622047244094
5535.261958607456,58.976121860795374,59.82361303365072,0.8474911728553494,0.8462404782237295,LOSS,155.4182896885329,127.03567888412708,100.0,100.0,0.0,0.0,0.0314960629921259,0.1181102362204724
5550.181802161654,59.152110000001954,60.03544621547666,0.8833362154747064,0.8899883673861453,LOSS,158.2935308757462,131.6839971588551,100.0,100.0,0.0,0.0,0.2598425196850393,0.1894804530527664
5565.101645715852,59.25270237551725,60.19184008934563,0.93913771382838,0.9310963298004395,LOSS,159.73063996791657,135.0689376795125,100.0,100.0,0.0,0.0,0.264593954664618,0.2261301826302062
5580.02148927005,59.3803702911819,60.35118535128013,0.9708150600982322,0.972433500103385,LOSS,161.67869848622612,138.4378863970556,100.0,100.0,0.0,0.0,0.2677165354330709,0.2362204724409448
5594.941332824248,59.495788750250334,60.50313647663388,1.0073477263835429,1.004220990556109,LOSS,163.66802664516894,141.63200130805984,100.0,100.0,0.0,0.0,0.2677165354330709,0.2362204724409448
5609.861176378446,59.62709781380548,60.66159799899203,1.0345001851865518,1.032325767475636,LOSS,165.75751713312565,144.8932470165193,100.0,100.0,0.0,0.0,0.2677165354330709,0.2440944881889764
5624.781019932644,59.76951970199992,60.82464909285673,1.055129390856813,1.0543634102371964,LOSS,167.82089653815038,148.19231897608222,100.0,100.0,0.0,0.0,0.2677165354330709,0.2440944881889764
5639.700863486842,59.913289668766325,60.98675032343455,1.0734606546682244,1.0748074513103774,LOSS,170.1145143947407,151.384447786831,100.0,100.0,0.0,0.0,0.2677165354330709,0.2440944881889764
5654.62070704104,60.03754793767314,61.133380246079234,1.095832308406095,1.093872302178828,LOSS,172.00382214878445,153.9248758011606,100.0,100.0,0.0,0.0,0.0157480314960629,0.2440944881889764
5669.540550595238,60.17811141185452,61.29043535531669,1.1123239434621652,1.112079392376624,LOSS,174.19539782793146,155.95237044621874,100.0,100.0,0.0,0.0,0.0,0.2440944881889764
5684.460394149436,60.31685585029952,61.44493777556113,1.1280819252616112,1.1278403833877064,LOSS,176.35320130685298,158.47377380271257,100.0,100.0,0.0,0.0,0.0,0.0
5699.380237703634,60.45370197821105,61.59681725965039,1.1431152814393428,1.1428620824992468,LOSS,178.4288935463615,160.93016304103375,100.0,100.0,0.0,0.0,0.0,-0.0157480314960629
5714.300081257832,60.5892279290607,61.746616969857484,1.1573890407967866,1.1571609000967602,LOSS,180.51382645263385,163.36700683446128,100.0,100.0,0.0,0.0,0.0078740157480314,0.0024348953068388
5729.21992481203,60.72322401818048,61.89420239623463,1.1709783780541514,1.1707951713224507,LOSS,182.5324448027349,165.7273105402322,100.0,100.0,0.0,0.0,0.0157480314960629,0.0
5744.139768366228,60.85568833778071,62.03970643289713,1.1840180951164143,1.1838167660262873,LOSS,184.5058557406248,168.04046171364075,100.0,100.0,0.0,0.0,0.0157480314960629,0.0
5759.059611920426,60.98679683352575,62.18325065843405,1.1964538249082963,1.1962932670211377,LOSS,186.4750934371228,170.31538410360972,100.0,100.0,0.0,0.0,0.0157480314960629,0.0
5773.979455474624,61.116555163952754,62.324963044991456,1.208407881038703,1.2082599756679098,LOSS,188.3753491232,172.49015435394983,100.0,100.0,0.0,0.0,0.0157480314960629,0.8188976377952756
5788.899299028822,61.24502646272222,62.46494468377895,1.21991822105673,1.2197687651274336,LOSS,190.2575197339126,174.65777981023916,100.0,100.0,0.0,0.0,0.0157480314960629,0.0
5803.81914258302,61.37221351484559,62.60319370813246,1.230980193286868,1.2308458123242592,LOSS,192.10455338982848,176.7896218482231,100.0,100.0,0.0,0.0,0.0157480314960629,0.0
5818.738986137218,61.4981727106429,62.73981173327208,1.2416390226291796,1.241504227011004,LOSS,193.9424314339568,178.89509759883725,100.0,100.0,0.0,0.0,0.0157480314960629,-0.0309509533592186
5833.658829691416,61.62290438479106,62.87479784990803,1.2518934651169644,1.251768937764768,LOSS,195.7144646287184,180.9160242361077,100.0,100.0,0.0,0.0,0.0157480314960629,0.0
5848.578673245614,61.74656845029402,63.00834277584218,1.26177432554816,1.2616483433343906,LOSS,197.4518548400087,182.92759196792687,100.0,100.0,0.0,0.0,0.0157480314960629,-0.0074528342523094
5863.498516799812,61.8691472068935,63.14042444623155,1.2712772393380476,1.2711787966753103,LOSS,199.18708884607628,184.8853807319534,100.0,100.0,0.0,0.0,0.0157480314960629,-0.3927565843824477
5878.41836035401,61.99065933260692,63.27114415774664,1.2804848251397232,1.280357232884889,LOSS,200.8539313811844,186.82884729064816,100.0,100.0,0.0,0.0,0.0157480314960629,0.0
5893.338203908208,62.111171863481104,63.400481497658,1.2893096341768953,1.2892111012958078,LOSS,202.49791093444435,188.73414758220943,100.0,100.0,0.0,0.0,0.0157480314960629,0.0
5908.258047462406,62.23070576065562,63.52854460522642,1.297838844570805,1.2977250584887727,LOSS,204.0797441645821,190.6017661646792,100.0,100.0,0.0,0.0,0.0157480314960629,0.0
5923.177891016604,62.34930135061639,63.65532804733501,1.306026696718618,1.305935398534397,LOSS,205.67554201734464,192.45507568465013,100.0,100.0,0.0,0.0,0.0472440944881889,-0.0157480314960629
5938.097734570802,62.46698837005561,63.78092902436938,1.3139406543137682,1.313737279988743,LOSS,207.0110780425668,194.26406723635927,100.0,100.0,0.0,0.0,0.0708661417322834,-0.0314960629921259
5953.017578125,62.58416627766775,63.90541076660159,1.3212444889338428,1.3175925716238055,LOSS,207.93724238101112,196.01993408203128,100.0,100.0,0.0,0.0,0.1023622047244094,-0.0078740157480314
