segment_id,segment_type,corner_id,direction,start_distance_m,end_distance_m,length_m,entry_speed_kph,minimum_speed_kph,exit_speed_kph,mean_abs_steer,peak_abs_steer,mean_abs_lateral_g,peak_abs_lateral_g,validation_status
1,STRAIGHT,,STRAIGHT,0.0,298.31671463815786,298.31671463815786,196.01993408203128,196.01993408203128,222.8646987064496,0.0331992468565718,0.0708661417322834,0.1412341910126613,0.3152441277026382,PASS
2,CORNER,1.0,COMPLEX,298.31671463815786,1283.1867021068294,984.8699874686716,222.8646987064496,131.1307502048683,174.8985086481852,0.4905853068489538,1.0,1.3710169711402085,9.516441947652556,PASS
3,STRAIGHT,,STRAIGHT,1283.1867021068294,1476.9843554197994,193.79765331296997,174.8985086481852,173.97399441430002,160.03241256489585,0.0419947506561679,0.0708661417322834,0.1548753034809005,0.3268144530028534,PASS
4,CORNER,2.0,LEFT,1476.9843554197994,1850.1407571663533,373.1564017465539,160.03241256489585,98.61845622057515,132.3010793650112,0.5989602413092974,1.0,1.147461027521136,1.852862691606044,PASS
5,STRAIGHT,,STRAIGHT,1850.1407571663533,2133.457471804511,283.3167146381577,132.3010793650112,136.1634749313628,182.5740009914199,0.042104059797657,0.1102362204724409,0.1556031732338612,0.2738187527689367,PASS
6,CORNER,3.0,LEFT,2133.457471804511,2655.812309093045,522.3548372885339,182.5740009914199,141.4618309711701,172.86438296196337,0.4919515649364385,1.0,1.118416966902964,1.9518550372416903,PASS
7,STRAIGHT,,STRAIGHT,2655.812309093045,3013.7282415021928,357.9159324091479,172.86438296196337,175.0285702018349,193.6310189723005,0.020489841411707,0.0629921259842519,0.0903907509983907,0.4447042590629657,PASS
8,CORNER,4.0,COMPLEX,3013.7282415021928,4446.193535596804,1432.4652940946116,193.6310189723005,77.49851146567104,203.3178700073338,0.3203529345543201,1.0,0.7882933547375648,1.8124496372501704,PASS
9,STRAIGHT,,STRAIGHT,4446.193535596804,4535.552284030388,89.35874843358397,203.3178700073338,176.8088896374113,169.10646777135588,0.0284445425992466,0.0485799148847344,0.1870010134972776,0.2446963222129135,PASS
10,CORNER,5.0,LEFT,4535.552284030388,4908.708685776942,373.1564017465535,169.10646777135588,73.33845326934762,129.34804445548923,0.4358655600335328,1.0,0.9542612971022252,1.6720017821818052,PASS
11,STRAIGHT,,STRAIGHT,4908.708685776942,5057.746808427318,149.03812265037595,129.34804445548923,133.3866089654184,161.2032192193801,0.0302620934145975,0.0551181102362204,0.0766502754847496,0.157906858764121,PASS
12,CORNER,6.0,COMPLEX,5057.746808427318,5669.62070704104,611.8738986137223,161.2032192193801,95.1749606957422,174.20699056729111,0.3874315785846138,1.0,0.7507388287261361,1.889158675111922,PASS
13,STRAIGHT,,STRAIGHT,5669.62070704104,5953.017578125,283.3968710839599,174.20699056729111,176.35320130685298,207.93724238101112,0.0227932034811437,0.1023622047244094,0.0786611982516531,0.2704017297764053,PASS
